240	1291	A-0	T-1291	C-0	G-0
669	1326	A-0	T-0	C-0	G-1326
1626	155	A-0	T-155	C-0	G-0
2789	1325	A-0	T-1325	C-0	G-0
3036	1321	A-0	T-1321	C-0	G-0
4183	1326	A-1326	T-0	C-0	G-0
4320	1326	A-0	T-1326	C-0	G-0
4966	1	A-0	T-0	C-0	G-1
5238	6	A-0	T-6	C-0	G-0
7374	1	A-0	T-0	C-1	G-0
7527	64	A-0	T-64	C-0	G-0
7868	1	A-0	T-1	C-0	G-0
9343	1326	A-0	T-1326	C-0	G-0
9423	1326	A-0	T-0	C-0	G-1326
9429	1	A-0	T-1	C-0	G-0
9533	1326	A-0	T-1326	C-0	G-0
10028	1326	A-0	T-1326	C-0	G-0
10197	1326	A-0	T-1326	C-0	G-0
10446	1326	A-1326	T-0	C-0	G-0
10448	1326	A-1326	T-0	C-0	G-0
11093	2	A-0	T-2	C-0	G-0
12159	1205	A-1205	T-0	C-0	G-0
12879	1326	A-0	T-1326	C-0	G-0
14407	1326	A-0	T-1326	C-0	G-0
14924	1	A-0	T-1	C-0	G-0
15236	1	A-0	T-1	C-0	G-0
15713	1326	A-0	T-1326	C-0	G-0
16392	1	A-0	T-1	C-0	G-0
17409	1326	A-0	T-1326	C-0	G-0
18162	1270	A-0	T-0	C-0	G-1270
19954	1280	A-0	T-1280	C-0	G-0
20054	1265	A-0	T-0	C-0	G-1265
21315	1	A-1	T-0	C-0	G-0
21617	1326	A-0	T-1326	C-0	G-0
21986	1325	A-1325	T-0	C-0	G-0
22199	1326	A-32	T-0	C-0	G-1294
22577	1326	A-1326	T-0	C-0	G-0
22598	926	A-0	T-2	C-924	G-0
22673	1326	A-0	T-1326	C-0	G-0
22678	1326	A-0	T-0	C-1326	G-0
22685	1326	A-0	T-1326	C-0	G-0
22687	1326	A-0	T-0	C-0	G-1326
22774	1322	A-1322	T-0	C-0	G-0
22785	1308	A-0	T-2	C-1306	G-0
22812	1323	A-0	T-1323	C-0	G-0
22881	1324	A-0	T-0	C-0	G-1324
22916	1238	A-0	T-0	C-0	G-1238
22991	1326	A-1326	T-0	C-0	G-0
22994	1326	A-1325	T-0	C-0	G-1
23012	1326	A-0	T-1	C-1321	G-4
23017	1207	A-0	T-0	C-1	G-1206
23054	1326	A-0	T-0	C-0	G-1326
23062	1326	A-0	T-1326	C-0	G-0
23074	1326	A-0	T-0	C-1326	G-0
23402	1326	A-0	T-0	C-0	G-1326
23524	1326	A-0	T-1326	C-0	G-0
23598	1326	A-0	T-0	C-0	G-1326
23603	1326	A-1326	T-0	C-0	G-0
23853	1310	A-1310	T-0	C-0	G-0
23947	1325	A-0	T-1325	C-0	G-0
24423	1326	A-0	T-1325	C-1	G-0
24468	1326	A-1326	T-0	C-0	G-0
24999	1326	A-0	T-1326	C-0	G-0
25583	1326	A-0	T-1326	C-0	G-0
25612	7	A-0	T-7	C-0	G-0
26059	1326	A-0	T-1326	C-0	G-0
26100	1	A-0	T-1	C-0	G-0
26269	1325	A-0	T-1325	C-0	G-0
26528	1207	A-1206	T-0	C-1	G-0
26576	1326	A-0	T-0	C-0	G-1326
26708	1326	A-1326	T-0	C-0	G-0
27037	102	A-0	T-0	C-0	G-102
27806	1323	A-0	T-1323	C-0	G-0
27888	1195	A-0	T-1195	C-0	G-0
28056	2	A-0	T-2	C-0	G-0
28270	1326	A-0	T-1322	C-4	G-0
28310	1326	A-0	T-1326	C-0	G-0
28329	157	A-0	T-0	C-0	G-157
28360	74	A-0	T-74	C-0	G-0
28370	75	A-0	T-74	C-1	G-0
28880	1326	A-1326	T-0	C-0	G-0
28881	1326	A-1326	T-0	C-0	G-0
28882	1326	A-0	T-0	C-1326	G-0
29509	1326	A-0	T-0	C-1326	G-0
1930	1004	A-1004	T-0	C-0	G-0
2652	2	A-0	T-0	C-0	G-2
2953	990	A-0	T-0	C-990	G-0
10727	1	A-0	T-1	C-0	G-0
11749	995	A-0	T-995	C-0	G-0
14256	993	A-0	T-0	C-993	G-0
16934	995	A-995	T-0	C-0	G-0
17038	816	A-0	T-0	C-0	G-816
18926	1	A-0	T-0	C-1	G-0
19535	1	A-0	T-1	C-0	G-0
22892	1023	A-0	T-1	C-1018	G-4
22941	1125	A-996	T-0	C-0	G-129
27999	1	A-0	T-1	C-0	G-0
28311	997	A-0	T-997	C-0	G-0
28680	1004	A-0	T-1004	C-0	G-0
7674	1	A-0	T-1	C-0	G-0
11827	35	A-35	T-0	C-0	G-0
17675	39	A-0	T-39	C-0	G-0
20404	36	A-0	T-36	C-0	G-0
22050	32	A-0	T-32	C-0	G-0
28790	5	A-0	T-5	C-0	G-0
624	2	A-0	T-2	C-0	G-0
2304	2	A-2	T-0	C-0	G-0
9399	2	A-0	T-0	C-0	G-2
12309	47	A-47	T-0	C-0	G-0
14959	1	A-0	T-1	C-0	G-0
16615	47	A-47	T-0	C-0	G-0
20929	2	A-0	T-2	C-0	G-0
24978	2	A-0	T-0	C-2	G-0
25508	2	A-0	T-2	C-0	G-0
27011	46	A-0	T-46	C-0	G-0
27512	49	A-0	T-49	C-0	G-0
12963	23	A-0	T-0	C-0	G-23
27599	127	A-0	T-127	C-0	G-0
28083	19	A-0	T-0	C-19	G-0
28656	25	A-0	T-25	C-0	G-0
26683	1	A-0	T-1	C-0	G-0
3092	2	A-0	T-2	C-0	G-0
5942	2	A-0	T-0	C-0	G-2
357	4	A-0	T-0	C-4	G-0
11586	4	A-0	T-0	C-4	G-0
18382	5	A-0	T-0	C-5	G-0
227	4	A-0	T-4	C-0	G-0
6978	17	A-0	T-0	C-0	G-17
17338	3	A-0	T-3	C-0	G-0
22632	3	A-0	T-0	C-0	G-3
28309	4	A-0	T-4	C-0	G-0
11343	4	A-0	T-4	C-0	G-0
16376	4	A-0	T-4	C-0	G-0
17585	4	A-0	T-4	C-0	G-0
19085	5	A-4	T-1	C-0	G-0
25486	1	A-0	T-1	C-0	G-0
26129	1	A-0	T-0	C-1	G-0
26872	11	A-0	T-11	C-0	G-0
21056	10	A-0	T-10	C-0	G-0
28377	11	A-2	T-8	C-1	G-0
538	3	A-0	T-3	C-0	G-0
960	5	A-0	T-0	C-5	G-0
1212	1	A-0	T-1	C-0	G-0
2143	6	A-6	T-0	C-0	G-0
2305	9	A-0	T-9	C-0	G-0
3432	1	A-1	T-0	C-0	G-0
6254	1	A-0	T-1	C-0	G-0
6712	1	A-1	T-0	C-0	G-0
7317	5	A-0	T-5	C-0	G-0
26959	1	A-0	T-0	C-1	G-0
942	12	A-12	T-0	C-0	G-0
3307	2	A-2	T-0	C-0	G-0
3795	75	A-0	T-75	C-0	G-0
3926	71	A-0	T-71	C-0	G-0
4585	83	A-0	T-83	C-0	G-0
4914	2	A-0	T-0	C-2	G-0
5182	85	A-0	T-85	C-0	G-0
5191	14	A-0	T-14	C-0	G-0
5548	3	A-2	T-1	C-0	G-0
9865	120	A-0	T-120	C-0	G-0
11590	11	A-11	T-0	C-0	G-0
12443	82	A-0	T-0	C-0	G-82
15450	113	A-113	T-0	C-0	G-0
17504	11	A-0	T-0	C-11	G-0
22000	82	A-0	T-0	C-0	G-82
22015	82	A-0	T-0	C-82	G-0
22032	85	A-85	T-0	C-0	G-0
22189	82	A-0	T-0	C-0	G-82
22330	79	A-79	T-0	C-0	G-0
22576	114	A-0	T-0	C-114	G-0
22897	113	A-113	T-0	C-0	G-0
23018	72	A-0	T-0	C-72	G-0
24951	2	A-0	T-0	C-0	G-2
25156	12	A-12	T-0	C-0	G-0
25415	113	A-0	T-113	C-0	G-0
25791	2	A-0	T-2	C-0	G-0
26274	113	A-0	T-0	C-0	G-113
26857	121	A-0	T-121	C-0	G-0
27258	120	A-0	T-0	C-120	G-0
27381	122	A-0	T-0	C-122	G-0
27382	122	A-0	T-122	C-0	G-0
27383	125	A-0	T-0	C-125	G-0
29554	11	A-0	T-11	C-0	G-0
8388	3	A-0	T-3	C-0	G-0
9222	2	A-0	T-2	C-0	G-0
1470	5	A-0	T-5	C-0	G-0
2444	4	A-0	T-4	C-0	G-0
3569	1	A-1	T-0	C-0	G-0
5405	4	A-0	T-0	C-4	G-0
6572	4	A-0	T-4	C-0	G-0
6769	4	A-0	T-0	C-0	G-4
6785	6	A-0	T-6	C-0	G-0
8207	4	A-0	T-4	C-0	G-0
8990	4	A-0	T-4	C-0	G-0
10188	4	A-0	T-4	C-0	G-0
11505	2	A-0	T-0	C-2	G-0
12029	4	A-0	T-0	C-0	G-4
13296	2	A-0	T-2	C-0	G-0
13766	2	A-0	T-2	C-0	G-0
17677	10	A-0	T-10	C-0	G-0
18251	7	A-0	T-7	C-0	G-0
21643	2	A-0	T-0	C-2	G-0
22019	4	A-0	T-0	C-4	G-0
22053	4	A-0	T-0	C-0	G-4
22294	14	A-5	T-9	C-0	G-0
22331	5	A-5	T-0	C-0	G-0
22339	2	A-0	T-2	C-0	G-0
22800	2	A-2	T-0	C-0	G-0
22909	13	A-0	T-0	C-0	G-13
22915	4	A-4	T-0	C-0	G-0
23011	9	A-7	T-2	C-0	G-0
25170	2	A-0	T-0	C-2	G-0
25809	4	A-0	T-4	C-0	G-0
28549	4	A-4	T-0	C-0	G-0
16916	2	A-0	T-2	C-0	G-0
17026	1	A-1	T-0	C-0	G-0
21574	25	A-0	T-25	C-0	G-0
23191	1	A-0	T-1	C-0	G-0
25468	3	A-0	T-3	C-0	G-0
27483	1	A-0	T-0	C-1	G-0
28418	2	A-0	T-2	C-0	G-0
4747	2	A-0	T-0	C-2	G-0
6540	23	A-0	T-23	C-0	G-0
4572	3	A-0	T-3	C-0	G-0
6512	1	A-1	T-0	C-0	G-0
15179	2	A-0	T-2	C-0	G-0
16646	2	A-0	T-2	C-0	G-0
28876	10	A-0	T-10	C-0	G-0
28877	10	A-0	T-0	C-10	G-0
9966	7	A-0	T-7	C-0	G-0
10155	2	A-0	T-2	C-0	G-0
14675	3	A-0	T-3	C-0	G-0
16953	2	A-0	T-2	C-0	G-0
19523	4	A-0	T-4	C-0	G-0
21594	4	A-0	T-4	C-0	G-0
24619	4	A-0	T-4	C-0	G-0
25351	3	A-0	T-2	C-1	G-0
27531	6	A-1	T-5	C-0	G-0
28401	3	A-0	T-0	C-0	G-3
395	2	A-0	T-2	C-0	G-0
1610	2	A-0	T-0	C-0	G-2
17232	1	A-0	T-0	C-0	G-1
19811	2	A-0	T-0	C-0	G-2
20232	1	A-0	T-1	C-0	G-0
24862	4	A-0	T-4	C-0	G-0
29252	4	A-0	T-4	C-0	G-0
1914	12	A-0	T-12	C-0	G-0
11416	2	A-0	T-2	C-0	G-0
11514	12	A-0	T-0	C-12	G-0
18478	10	A-0	T-10	C-0	G-0
20234	41	A-0	T-41	C-0	G-0
20930	1	A-1	T-0	C-0	G-0
22628	43	A-0	T-0	C-43	G-0
22970	10	A-10	T-0	C-0	G-0
23030	75	A-0	T-0	C-75	G-0
26458	12	A-0	T-0	C-0	G-12
889	1	A-1	T-0	C-0	G-0
18896	40	A-0	T-0	C-40	G-0
20935	1	A-0	T-1	C-0	G-0
29433	1	A-0	T-1	C-0	G-0
1319	11	A-0	T-0	C-11	G-0
3039	11	A-0	T-11	C-0	G-0
21998	10	A-0	T-10	C-0	G-0
5821	12	A-0	T-12	C-0	G-0
13367	8	A-0	T-8	C-0	G-0
16337	2	A-0	T-2	C-0	G-0
25349	5	A-2	T-3	C-0	G-0
28747	2	A-1	T-1	C-0	G-0
404	32	A-0	T-0	C-0	G-32
7123	4	A-0	T-4	C-0	G-0
15737	42	A-0	T-42	C-0	G-0
15938	44	A-0	T-0	C-44	G-0
16341	32	A-0	T-0	C-32	G-0
17858	32	A-0	T-0	C-32	G-0
19325	32	A-0	T-0	C-0	G-32
21809	32	A-0	T-0	C-32	G-0
21999	35	A-32	T-3	C-0	G-0
22108	32	A-0	T-0	C-0	G-32
22663	32	A-32	T-0	C-0	G-0
22894	32	A-0	T-0	C-32	G-0
22895	39	A-0	T-0	C-39	G-0
4020	1	A-0	T-1	C-0	G-0
10119	1	A-0	T-0	C-1	G-0
16412	1	A-0	T-0	C-1	G-0
2850	1	A-0	T-0	C-1	G-0
10439	1	A-0	T-1	C-0	G-0
12465	1	A-0	T-0	C-0	G-1
19874	5	A-0	T-5	C-0	G-0
23557	19	A-0	T-0	C-0	G-19
27972	1	A-0	T-1	C-0	G-0
99	1	A-0	T-1	C-0	G-0
437	1	A-0	T-0	C-0	G-1
6400	1	A-0	T-1	C-0	G-0
9692	2	A-0	T-2	C-0	G-0
20702	3	A-0	T-3	C-0	G-0
25895	1	A-0	T-1	C-0	G-0
26947	1	A-0	T-0	C-1	G-0
10746	1	A-0	T-1	C-0	G-0
3601	1	A-0	T-1	C-0	G-0
2643	15	A-0	T-15	C-0	G-0
4083	3	A-0	T-3	C-0	G-0
6603	3	A-0	T-0	C-0	G-3
10137	5	A-0	T-5	C-0	G-0
17277	3	A-0	T-3	C-0	G-0
23592	8	A-0	T-5	C-3	G-0
27437	40	A-0	T-0	C-40	G-0
28218	3	A-0	T-0	C-3	G-0
29665	43	A-0	T-43	C-0	G-0
8955	9	A-0	T-9	C-0	G-0
19017	4	A-0	T-4	C-0	G-0
23757	9	A-9	T-0	C-0	G-0
9364	1	A-0	T-1	C-0	G-0
13095	4	A-0	T-0	C-4	G-0
17745	2	A-0	T-2	C-0	G-0
21179	1	A-0	T-0	C-1	G-0
21482	4	A-0	T-0	C-4	G-0
22569	1	A-0	T-1	C-0	G-0
27275	1	A-0	T-1	C-0	G-0
27941	4	A-0	T-4	C-0	G-0
8827	25	A-25	T-0	C-0	G-0
1189	4	A-0	T-4	C-0	G-0
3160	4	A-0	T-0	C-0	G-4
9856	5	A-0	T-5	C-0	G-0
28431	7	A-0	T-7	C-0	G-0
4904	2	A-0	T-0	C-0	G-2
5143	4	A-0	T-4	C-0	G-0
5618	5	A-0	T-0	C-5	G-0
13135	5	A-0	T-0	C-0	G-5
13263	5	A-0	T-5	C-0	G-0
20627	6	A-0	T-6	C-0	G-0
3129	5	A-0	T-5	C-0	G-0
10686	2	A-0	T-0	C-2	G-0
10854	1	A-0	T-0	C-0	G-1
15182	5	A-0	T-5	C-0	G-0
16361	1	A-0	T-1	C-0	G-0
18582	26	A-26	T-0	C-0	G-0
20843	2	A-0	T-2	C-0	G-0
23984	1	A-0	T-1	C-0	G-0
29579	5	A-0	T-5	C-0	G-0
21773	3	A-0	T-3	C-0	G-0
28935	2	A-1	T-1	C-0	G-0
7005	8	A-0	T-8	C-0	G-0
16616	7	A-0	T-0	C-7	G-0
22001	9	A-0	T-8	C-1	G-0
25412	8	A-0	T-8	C-0	G-0
25499	5	A-0	T-5	C-0	G-0
25610	7	A-0	T-7	C-0	G-0
26680	13	A-0	T-13	C-0	G-0
28422	10	A-0	T-0	C-10	G-0
23415	4	A-0	T-4	C-0	G-0
334	2	A-0	T-2	C-0	G-0
17050	1	A-0	T-0	C-1	G-0
10428	2	A-0	T-0	C-2	G-0
26227	4	A-3	T-1	C-0	G-0
4184	2	A-2	T-0	C-0	G-0
5177	1	A-0	T-1	C-0	G-0
12311	2	A-0	T-2	C-0	G-0
16110	1	A-0	T-1	C-0	G-0
24903	6	A-0	T-6	C-0	G-0
26200	1	A-0	T-1	C-0	G-0
26312	3	A-0	T-3	C-0	G-0
28044	1	A-0	T-1	C-0	G-0
29468	1	A-0	T-1	C-0	G-0
6670	2	A-1	T-1	C-0	G-0
11922	1	A-0	T-0	C-0	G-1
12399	4	A-1	T-3	C-0	G-0
25784	1	A-0	T-0	C-1	G-0
221	8	A-0	T-8	C-0	G-0
29559	3	A-0	T-3	C-0	G-0
244	2	A-0	T-2	C-0	G-0
2366	2	A-0	T-0	C-0	G-2
2607	1	A-0	T-0	C-0	G-1
4594	1	A-0	T-0	C-0	G-1
5097	1	A-0	T-0	C-1	G-0
10506	6	A-0	T-6	C-0	G-0
16455	1	A-0	T-0	C-1	G-0
20177	11	A-0	T-11	C-0	G-0
21231	1	A-1	T-0	C-0	G-0
25854	2	A-0	T-2	C-0	G-0
4682	14	A-0	T-14	C-0	G-0
26427	37	A-0	T-37	C-0	G-0
2844	1	A-0	T-0	C-1	G-0
6039	27	A-0	T-27	C-0	G-0
7969	1	A-0	T-0	C-0	G-1
12118	1	A-0	T-1	C-0	G-0
15542	15	A-13	T-2	C-0	G-0
18980	1	A-0	T-1	C-0	G-0
19319	2	A-0	T-2	C-0	G-0
22002	9	A-0	T-8	C-1	G-0
22301	2	A-2	T-0	C-0	G-0
25432	2	A-0	T-2	C-0	G-0
27325	1	A-0	T-0	C-0	G-1
3786	21	A-0	T-21	C-0	G-0
4434	23	A-0	T-0	C-23	G-0
10720	22	A-0	T-0	C-22	G-0
11145	26	A-0	T-26	C-0	G-0
18622	1	A-0	T-0	C-1	G-0
25134	1	A-0	T-1	C-0	G-0
26077	26	A-0	T-26	C-0	G-0
3780	1	A-0	T-0	C-0	G-1
4503	2	A-1	T-1	C-0	G-0
24513	1	A-0	T-0	C-1	G-0
2454	3	A-0	T-3	C-0	G-0
3858	6	A-0	T-0	C-0	G-6
12314	1	A-1	T-0	C-0	G-0
21811	1	A-1	T-0	C-0	G-0
25520	8	A-0	T-8	C-0	G-0
27205	1	A-0	T-0	C-0	G-1
27548	1	A-0	T-1	C-0	G-0
605	3	A-0	T-0	C-3	G-0
14007	1	A-1	T-0	C-0	G-0
17018	1	A-0	T-1	C-0	G-0
29517	2	A-0	T-2	C-0	G-0
2074	1	A-1	T-0	C-0	G-0
3120	1	A-0	T-0	C-0	G-1
6706	1	A-0	T-0	C-0	G-1
22090	2	A-0	T-2	C-0	G-0
27426	2	A-0	T-2	C-0	G-0
1820	2	A-2	T-0	C-0	G-0
5825	2	A-0	T-2	C-0	G-0
13010	3	A-0	T-3	C-0	G-0
17789	2	A-2	T-0	C-0	G-0
25727	3	A-0	T-3	C-0	G-0
5739	1	A-0	T-0	C-1	G-0
9560	3	A-0	T-3	C-0	G-0
14198	1	A-0	T-0	C-0	G-1
26009	3	A-0	T-3	C-0	G-0
13374	1	A-0	T-0	C-1	G-0
14477	2	A-0	T-2	C-0	G-0
27322	1	A-0	T-1	C-0	G-0
20773	2	A-2	T-0	C-0	G-0
208	3	A-0	T-0	C-3	G-0
3957	2	A-0	T-0	C-0	G-2
5795	2	A-2	T-0	C-0	G-0
6114	3	A-0	T-0	C-0	G-3
8370	3	A-0	T-3	C-0	G-0
15977	3	A-0	T-0	C-3	G-0
22328	9	A-0	T-9	C-0	G-0
24022	4	A-0	T-4	C-0	G-0
29352	6	A-0	T-6	C-0	G-0
12896	1	A-0	T-1	C-0	G-0
1399	1	A-1	T-0	C-0	G-0
2131	1	A-0	T-0	C-0	G-1
11736	1	A-0	T-0	C-1	G-0
14036	1	A-0	T-0	C-1	G-0
28769	10	A-0	T-10	C-0	G-0
509	10	A-10	T-0	C-0	G-0
5755	3	A-0	T-0	C-3	G-0
7781	9	A-0	T-0	C-0	G-9
14573	9	A-0	T-0	C-9	G-0
21364	1	A-0	T-1	C-0	G-0
27976	2	A-0	T-0	C-2	G-0
28435	9	A-0	T-9	C-0	G-0
7763	2	A-0	T-2	C-0	G-0
10455	5	A-0	T-5	C-0	G-0
22387	7	A-0	T-7	C-0	G-0
17549	2	A-0	T-2	C-0	G-0
27507	3	A-0	T-0	C-3	G-0
27748	3	A-0	T-0	C-0	G-3
28692	4	A-0	T-0	C-4	G-0
3870	2	A-0	T-2	C-0	G-0
86	1	A-0	T-0	C-1	G-0
17801	1	A-1	T-0	C-0	G-0
19666	1	A-0	T-0	C-0	G-1
28602	4	A-0	T-4	C-0	G-0
28848	4	A-0	T-4	C-0	G-0
6023	1	A-0	T-0	C-0	G-1
2781	1	A-0	T-1	C-0	G-0
3428	4	A-0	T-4	C-0	G-0
9825	1	A-0	T-0	C-0	G-1
11703	2	A-0	T-2	C-0	G-0
17720	1	A-0	T-1	C-0	G-0
27001	1	A-0	T-1	C-0	G-0
29587	1	A-0	T-0	C-1	G-0
6420	29	A-2	T-27	C-0	G-0
25935	1	A-0	T-1	C-0	G-0
10791	1	A-0	T-0	C-1	G-0
28066	4	A-3	T-0	C-1	G-0
16442	13	A-0	T-13	C-0	G-0
201	1	A-0	T-0	C-1	G-0
202	11	A-0	T-11	C-0	G-0
2060	11	A-0	T-11	C-0	G-0
2787	9	A-0	T-9	C-0	G-0
7843	8	A-0	T-8	C-0	G-0
10536	8	A-0	T-8	C-0	G-0
15110	9	A-0	T-0	C-0	G-9
18696	8	A-8	T-0	C-0	G-0
24072	8	A-0	T-0	C-8	G-0
29802	9	A-8	T-1	C-0	G-0
1401	2	A-0	T-0	C-0	G-2
22130	2	A-0	T-1	C-1	G-0
25680	30	A-30	T-0	C-0	G-0
27389	2	A-2	T-0	C-0	G-0
4550	4	A-0	T-4	C-0	G-0
7419	2	A-0	T-2	C-0	G-0
7944	2	A-0	T-2	C-0	G-0
25743	2	A-0	T-0	C-0	G-2
12698	1	A-1	T-0	C-0	G-0
16693	4	A-0	T-4	C-0	G-0
16732	1	A-0	T-1	C-0	G-0
18704	1	A-0	T-1	C-0	G-0
29771	2	A-0	T-0	C-0	G-2
29778	2	A-2	T-0	C-0	G-0
29791	1	A-0	T-0	C-0	G-1
29794	1	A-0	T-1	C-0	G-0
29813	1	A-0	T-1	C-0	G-0
29814	1	A-0	T-1	C-0	G-0
1056	1	A-0	T-1	C-0	G-0
4173	1	A-0	T-0	C-1	G-0
7063	1	A-0	T-0	C-0	G-1
10190	2	A-0	T-2	C-0	G-0
11955	3	A-0	T-3	C-0	G-0
18119	1	A-0	T-1	C-0	G-0
19031	1	A-0	T-1	C-0	G-0
22479	1	A-0	T-1	C-0	G-0
28374	1	A-1	T-0	C-0	G-0
29773	4	A-0	T-3	C-0	G-1
1001	1	A-0	T-0	C-0	G-1
4919	1	A-1	T-0	C-0	G-0
5283	6	A-0	T-6	C-0	G-0
10395	1	A-0	T-1	C-0	G-0
29340	1	A-0	T-0	C-1	G-0
2435	3	A-3	T-0	C-0	G-0
21788	4	A-0	T-4	C-0	G-0
7001	1	A-0	T-1	C-0	G-0
10284	1	A-0	T-0	C-1	G-0
16075	2	A-0	T-0	C-0	G-2
16725	11	A-0	T-11	C-0	G-0
23583	2	A-0	T-0	C-2	G-0
27280	11	A-0	T-11	C-0	G-0
814	6	A-0	T-6	C-0	G-0
3549	5	A-0	T-0	C-0	G-5
9664	5	A-0	T-5	C-0	G-0
16019	5	A-5	T-0	C-0	G-0
18078	7	A-5	T-2	C-0	G-0
26644	6	A-0	T-6	C-0	G-0
29172	14	A-0	T-0	C-13	G-1
1462	1	A-1	T-0	C-0	G-0
2821	1	A-0	T-1	C-0	G-0
14350	1	A-0	T-0	C-0	G-1
19112	1	A-0	T-1	C-0	G-0
28220	1	A-0	T-1	C-0	G-0
29303	7	A-0	T-7	C-0	G-0
1287	9	A-0	T-9	C-0	G-0
2788	6	A-0	T-6	C-0	G-0
13215	1	A-0	T-0	C-1	G-0
17621	8	A-0	T-0	C-0	G-8
17746	10	A-0	T-10	C-0	G-0
26984	6	A-0	T-6	C-0	G-0
28375	8	A-8	T-0	C-0	G-0
28776	8	A-0	T-0	C-0	G-8
29586	6	A-6	T-0	C-0	G-0
3250	1	A-1	T-0	C-0	G-0
12402	1	A-0	T-1	C-0	G-0
16766	1	A-0	T-1	C-0	G-0
18507	5	A-0	T-5	C-0	G-0
4054	1	A-0	T-1	C-0	G-0
6150	1	A-1	T-0	C-0	G-0
28959	1	A-0	T-0	C-1	G-0
7734	10	A-0	T-10	C-0	G-0
29759	2	A-1	T-0	C-1	G-0
7010	6	A-0	T-6	C-0	G-0
10518	2	A-0	T-2	C-0	G-0
15611	1	A-0	T-0	C-0	G-1
19982	14	A-0	T-14	C-0	G-0
27478	1	A-0	T-0	C-1	G-0
29408	3	A-0	T-3	C-0	G-0
11646	3	A-0	T-0	C-3	G-0
12084	4	A-0	T-4	C-0	G-0
19817	3	A-0	T-0	C-0	G-3
1721	4	A-0	T-4	C-0	G-0
22352	2	A-0	T-2	C-0	G-0
21324	1	A-1	T-0	C-0	G-0
4539	5	A-0	T-5	C-0	G-0
12324	1	A-0	T-1	C-0	G-0
15341	3	A-0	T-3	C-0	G-0
23801	3	A-0	T-3	C-0	G-0
25336	2	A-2	T-0	C-0	G-0
26839	6	A-6	T-0	C-0	G-0
933	1	A-0	T-1	C-0	G-0
18311	1	A-0	T-1	C-0	G-0
27645	1	A-0	T-1	C-0	G-0
6362	1	A-0	T-1	C-0	G-0
11082	21	A-0	T-21	C-0	G-0
5172	2	A-0	T-2	C-0	G-0
22449	2	A-0	T-2	C-0	G-0
27579	1	A-0	T-0	C-1	G-0
381	2	A-0	T-0	C-0	G-2
14172	2	A-0	T-0	C-2	G-0
24771	2	A-0	T-0	C-0	G-2
8292	4	A-1	T-3	C-0	G-0
21882	4	A-0	T-0	C-4	G-0
29699	35	A-0	T-0	C-0	G-35
2573	1	A-0	T-1	C-0	G-0
5309	3	A-0	T-3	C-0	G-0
11496	1	A-0	T-1	C-0	G-0
23706	2	A-0	T-2	C-0	G-0
26500	1	A-0	T-1	C-0	G-0
12825	1	A-0	T-0	C-1	G-0
16427	2	A-0	T-2	C-0	G-0
25194	1	A-0	T-0	C-0	G-1
25455	1	A-0	T-0	C-1	G-0
28509	2	A-0	T-0	C-2	G-0
6387	26	A-0	T-26	C-0	G-0
7849	27	A-27	T-0	C-0	G-0
11373	27	A-0	T-0	C-27	G-0
23400	42	A-0	T-27	C-15	G-0
1778	8	A-0	T-8	C-0	G-0
6538	5	A-0	T-4	C-0	G-1
8250	8	A-0	T-8	C-0	G-0
10206	1	A-0	T-1	C-0	G-0
17732	5	A-0	T-5	C-0	G-0
20479	2	A-0	T-2	C-0	G-0
5169	2	A-0	T-2	C-0	G-0
26950	2	A-0	T-0	C-2	G-0
28926	2	A-0	T-0	C-2	G-0
1190	2	A-0	T-2	C-0	G-0
15107	3	A-0	T-3	C-0	G-0
16288	2	A-0	T-2	C-0	G-0
16403	1	A-0	T-0	C-1	G-0
29310	2	A-0	T-2	C-0	G-0
17976	2	A-0	T-2	C-0	G-0
6704	1	A-0	T-0	C-0	G-1
21649	1	A-0	T-0	C-0	G-1
20370	5	A-0	T-5	C-0	G-0
29238	35	A-2	T-33	C-0	G-0
7930	4	A-0	T-0	C-0	G-4
23490	1	A-0	T-0	C-1	G-0
26575	1	A-0	T-0	C-0	G-1
1512	1	A-0	T-1	C-0	G-0
3767	2	A-0	T-2	C-0	G-0
10187	2	A-2	T-0	C-0	G-0
13341	2	A-0	T-2	C-0	G-0
16473	1	A-0	T-0	C-0	G-1
19205	1	A-0	T-1	C-0	G-0
21675	2	A-0	T-2	C-0	G-0
22187	1	A-0	T-1	C-0	G-0
23607	3	A-1	T-2	C-0	G-0
27799	2	A-0	T-2	C-0	G-0
28244	1	A-0	T-0	C-0	G-1
14423	33	A-0	T-0	C-33	G-0
27909	35	A-0	T-0	C-35	G-0
18927	2	A-0	T-2	C-0	G-0
21136	12	A-0	T-0	C-0	G-12
22092	2	A-0	T-0	C-2	G-0
5985	3	A-0	T-3	C-0	G-0
14717	1	A-1	T-0	C-0	G-0
26821	1	A-0	T-1	C-0	G-0
27821	4	A-0	T-0	C-0	G-4
9375	1	A-0	T-0	C-1	G-0
10701	2	A-0	T-2	C-0	G-0
25592	3	A-3	T-0	C-0	G-0
5163	1	A-1	T-0	C-0	G-0
5252	1	A-1	T-0	C-0	G-0
15651	1	A-0	T-1	C-0	G-0
21762	3	A-0	T-0	C-3	G-0
29678	3	A-0	T-3	C-0	G-0
6705	5	A-0	T-5	C-0	G-0
10029	7	A-0	T-7	C-0	G-0
1383	3	A-0	T-0	C-3	G-0
5199	1	A-1	T-0	C-0	G-0
25613	3	A-0	T-3	C-0	G-0
28381	3	A-0	T-0	C-3	G-0
3446	1	A-0	T-1	C-0	G-0
19373	1	A-0	T-1	C-0	G-0
21785	6	A-0	T-6	C-0	G-0
23178	1	A-0	T-1	C-0	G-0
28542	1	A-0	T-0	C-1	G-0
28605	1	A-0	T-1	C-0	G-0
23519	3	A-0	T-3	C-0	G-0
29413	1	A-0	T-1	C-0	G-0
185	2	A-0	T-2	C-0	G-0
28482	1	A-0	T-0	C-0	G-1
29685	2	A-0	T-2	C-0	G-0
5475	1	A-0	T-0	C-0	G-1
19166	1	A-0	T-0	C-1	G-0
21784	1	A-0	T-0	C-1	G-0
5476	4	A-0	T-4	C-0	G-0
13956	3	A-0	T-3	C-0	G-0
28696	5	A-0	T-5	C-0	G-0
3018	1	A-0	T-0	C-0	G-1
9639	1	A-0	T-0	C-1	G-0
12969	2	A-0	T-2	C-0	G-0
21741	1	A-0	T-1	C-0	G-0
22313	4	A-3	T-1	C-0	G-0
8239	1	A-0	T-1	C-0	G-0
11574	3	A-0	T-3	C-0	G-0
29253	5	A-5	T-0	C-0	G-0
3633	1	A-0	T-1	C-0	G-0
20309	2	A-0	T-0	C-2	G-0
24129	1	A-0	T-1	C-0	G-0
26252	1	A-0	T-1	C-0	G-0
26893	3	A-0	T-3	C-0	G-0
28208	3	A-0	T-1	C-2	G-0
28921	1	A-0	T-1	C-0	G-0
7563	1	A-0	T-1	C-0	G-0
19861	3	A-0	T-3	C-0	G-0
24780	1	A-0	T-1	C-0	G-0
8479	1	A-0	T-1	C-0	G-0
8615	1	A-0	T-1	C-0	G-0
9309	1	A-0	T-1	C-0	G-0
17258	1	A-0	T-1	C-0	G-0
20981	1	A-0	T-0	C-1	G-0
21113	1	A-0	T-1	C-0	G-0
28047	3	A-0	T-3	C-0	G-0
28086	2	A-1	T-1	C-0	G-0
28471	1	A-0	T-1	C-0	G-0
1058	1	A-0	T-1	C-0	G-0
24421	2	A-0	T-2	C-0	G-0
1737	4	A-0	T-4	C-0	G-0
15029	3	A-0	T-0	C-3	G-0
1911	3	A-0	T-3	C-0	G-0
2755	1	A-0	T-0	C-0	G-1
11652	1	A-0	T-1	C-0	G-0
17633	3	A-0	T-3	C-0	G-0
21795	1	A-1	T-0	C-0	G-0
28538	2	A-2	T-0	C-0	G-0
22087	1	A-0	T-1	C-0	G-0
18880	1	A-0	T-1	C-0	G-0
22986	1	A-0	T-1	C-0	G-0
28131	1	A-0	T-1	C-0	G-0
468	2	A-0	T-0	C-2	G-0
3015	2	A-0	T-0	C-2	G-0
7731	2	A-0	T-2	C-0	G-0
8406	2	A-0	T-2	C-0	G-0
14847	2	A-0	T-2	C-0	G-0
20317	2	A-0	T-0	C-0	G-2
27974	2	A-0	T-0	C-0	G-2
14620	2	A-0	T-2	C-0	G-0
19387	1	A-1	T-0	C-0	G-0
29534	1	A-0	T-1	C-0	G-0
5868	11	A-0	T-11	C-0	G-0
6273	3	A-0	T-0	C-3	G-0
19187	3	A-0	T-0	C-0	G-3
8089	1	A-0	T-1	C-0	G-0
25255	1	A-0	T-1	C-0	G-0
25470	1	A-0	T-1	C-0	G-0
26028	4	A-4	T-0	C-0	G-0
8654	1	A-0	T-1	C-0	G-0
19824	1	A-1	T-0	C-0	G-0
23223	1	A-0	T-1	C-0	G-0
20732	1	A-0	T-0	C-1	G-0
1425	2	A-0	T-2	C-0	G-0
3735	1	A-0	T-1	C-0	G-0
6335	5	A-0	T-5	C-0	G-0
15391	1	A-0	T-1	C-0	G-0
22844	1	A-0	T-0	C-0	G-1
29758	1	A-1	T-0	C-0	G-0
25709	2	A-0	T-2	C-0	G-0
25903	2	A-0	T-2	C-0	G-0
2061	2	A-0	T-2	C-0	G-0
3292	1	A-0	T-1	C-0	G-0
6888	1	A-0	T-0	C-0	G-1
11350	1	A-0	T-0	C-0	G-1
26906	1	A-0	T-1	C-0	G-0
28052	4	A-0	T-0	C-4	G-0
29584	1	A-0	T-1	C-0	G-0
16886	19	A-0	T-19	C-0	G-0
29357	4	A-2	T-2	C-0	G-0
28614	1	A-0	T-0	C-1	G-0
13404	1	A-0	T-1	C-0	G-0
3402	2	A-1	T-1	C-0	G-0
9050	1	A-0	T-1	C-0	G-0
12504	1	A-0	T-0	C-1	G-0
28238	3	A-0	T-0	C-3	G-0
18376	2	A-0	T-2	C-0	G-0
21293	4	A-4	T-0	C-0	G-0
21294	4	A-4	T-0	C-0	G-0
21295	4	A-4	T-0	C-0	G-0
675	2	A-0	T-2	C-0	G-0
6360	1	A-0	T-1	C-0	G-0
8963	1	A-0	T-1	C-0	G-0
25339	1	A-1	T-0	C-0	G-0
7036	2	A-0	T-2	C-0	G-0
15959	2	A-0	T-2	C-0	G-0
5316	1	A-0	T-0	C-0	G-1
5338	2	A-0	T-2	C-0	G-0
6309	7	A-0	T-7	C-0	G-0
11019	3	A-0	T-3	C-0	G-0
12788	5	A-0	T-5	C-0	G-0
12852	1	A-0	T-1	C-0	G-0
13058	1	A-0	T-1	C-0	G-0
15887	1	A-0	T-0	C-1	G-0
16974	1	A-1	T-0	C-0	G-0
18128	1	A-0	T-1	C-0	G-0
18697	1	A-0	T-1	C-0	G-0
26635	1	A-0	T-1	C-0	G-0
28434	1	A-0	T-1	C-0	G-0
11746	4	A-0	T-4	C-0	G-0
14180	1	A-0	T-0	C-1	G-0
19072	1	A-0	T-0	C-1	G-0
15962	1	A-0	T-1	C-0	G-0
27295	2	A-0	T-0	C-1	G-1
13006	1	A-0	T-1	C-0	G-0
13919	15	A-15	T-0	C-0	G-0
834	2	A-1	T-1	C-0	G-0
3948	2	A-0	T-0	C-2	G-0
11191	1	A-0	T-0	C-1	G-0
21016	1	A-0	T-1	C-0	G-0
8241	1	A-0	T-0	C-1	G-0
25915	2	A-0	T-2	C-0	G-0
1217	2	A-0	T-2	C-0	G-0
2397	2	A-2	T-0	C-0	G-0
11172	2	A-0	T-2	C-0	G-0
14888	2	A-0	T-2	C-0	G-0
16407	2	A-0	T-0	C-0	G-2
19890	2	A-2	T-0	C-0	G-0
24303	2	A-0	T-0	C-2	G-0
27943	3	A-0	T-3	C-0	G-0
22104	2	A-0	T-0	C-2	G-0
16119	1	A-1	T-0	C-0	G-0
23310	1	A-0	T-1	C-0	G-0
2448	1	A-0	T-1	C-0	G-0
6547	1	A-0	T-1	C-0	G-0
7920	1	A-0	T-0	C-0	G-1
8016	1	A-0	T-1	C-0	G-0
13791	1	A-0	T-1	C-0	G-0
28094	1	A-0	T-1	C-0	G-0
2697	1	A-0	T-0	C-1	G-0
3413	1	A-0	T-0	C-0	G-1
6906	1	A-0	T-0	C-0	G-1
11194	2	A-0	T-2	C-0	G-0
13416	1	A-0	T-0	C-1	G-0
27433	2	A-0	T-2	C-0	G-0
8813	1	A-1	T-0	C-0	G-0
21858	4	A-0	T-4	C-0	G-0
19546	8	A-0	T-8	C-0	G-0
25820	7	A-0	T-7	C-0	G-0
2436	1	A-0	T-0	C-0	G-1
2968	1	A-0	T-0	C-0	G-1
6108	1	A-1	T-0	C-0	G-0
6957	1	A-0	T-0	C-1	G-0
28770	1	A-0	T-0	C-0	G-1
7447	1	A-0	T-0	C-1	G-0
24882	1	A-0	T-1	C-0	G-0
26935	5	A-1	T-4	C-0	G-0
9930	1	A-0	T-0	C-1	G-0
20508	1	A-0	T-0	C-1	G-0
1624	1	A-0	T-1	C-0	G-0
7782	5	A-0	T-0	C-5	G-0
23085	15	A-0	T-15	C-0	G-0
2578	2	A-2	T-0	C-0	G-0
2637	1	A-0	T-1	C-0	G-0
5156	2	A-0	T-2	C-0	G-0
5653	1	A-0	T-1	C-0	G-0
11076	1	A-0	T-0	C-1	G-0
18085	1	A-0	T-1	C-0	G-0
28232	2	A-0	T-1	C-1	G-0
911	5	A-5	T-0	C-0	G-0
15743	1	A-0	T-1	C-0	G-0
28076	5	A-1	T-4	C-0	G-0
3891	1	A-0	T-1	C-0	G-0
10295	1	A-0	T-1	C-0	G-0
22843	1	A-0	T-0	C-1	G-0
27388	11	A-0	T-11	C-0	G-0
1959	1	A-0	T-1	C-0	G-0
2204	1	A-0	T-0	C-1	G-0
6633	1	A-0	T-0	C-1	G-0
24528	1	A-0	T-0	C-1	G-0
25713	2	A-0	T-2	C-0	G-0
28620	1	A-1	T-0	C-0	G-0
6015	3	A-0	T-3	C-0	G-0
17614	3	A-0	T-0	C-0	G-3
26256	1	A-1	T-0	C-0	G-0
26407	3	A-0	T-3	C-0	G-0
28806	3	A-0	T-3	C-0	G-0
1757	2	A-0	T-2	C-0	G-0
10994	1	A-0	T-0	C-0	G-1
11454	1	A-0	T-1	C-0	G-0
13152	1	A-1	T-0	C-0	G-0
828	1	A-0	T-1	C-0	G-0
25451	4	A-0	T-4	C-0	G-0
23796	7	A-0	T-0	C-7	G-0
27634	1	A-0	T-1	C-0	G-0
12339	3	A-0	T-0	C-3	G-0
12673	3	A-3	T-0	C-0	G-0
16375	4	A-0	T-4	C-0	G-0
24918	4	A-0	T-4	C-0	G-0
2694	6	A-0	T-6	C-0	G-0
3419	2	A-0	T-0	C-2	G-0
17631	3	A-2	T-1	C-0	G-0
27611	6	A-0	T-6	C-0	G-0
299	3	A-0	T-3	C-0	G-0
1685	1	A-0	T-1	C-0	G-0
19517	2	A-0	T-2	C-0	G-0
21380	2	A-0	T-2	C-0	G-0
361	1	A-0	T-1	C-0	G-0
4131	1	A-0	T-0	C-1	G-0
2452	6	A-0	T-6	C-0	G-0
15401	2	A-0	T-0	C-0	G-2
11346	3	A-0	T-0	C-3	G-0
23028	3	A-0	T-3	C-0	G-0
23429	6	A-0	T-6	C-0	G-0
26671	1	A-1	T-0	C-0	G-0
8866	1	A-1	T-0	C-0	G-0
20473	1	A-0	T-1	C-0	G-0
19358	2	A-0	T-0	C-0	G-2
7279	3	A-0	T-0	C-3	G-0
13060	1	A-1	T-0	C-0	G-0
17733	1	A-0	T-1	C-0	G-0
18902	1	A-1	T-0	C-0	G-0
22215	2	A-1	T-1	C-0	G-0
26946	2	A-0	T-2	C-0	G-0
24209	9	A-0	T-9	C-0	G-0
1622	2	A-0	T-0	C-2	G-0
14557	2	A-0	T-0	C-2	G-0
8139	9	A-0	T-9	C-0	G-0
10789	4	A-0	T-4	C-0	G-0
13967	4	A-0	T-4	C-0	G-0
18581	5	A-4	T-1	C-0	G-0
19028	4	A-0	T-4	C-0	G-0
22893	9	A-0	T-9	C-0	G-0
25571	5	A-0	T-5	C-0	G-0
6812	2	A-0	T-2	C-0	G-0
18461	2	A-2	T-0	C-0	G-0
29226	2	A-0	T-2	C-0	G-0
8730	1	A-0	T-0	C-1	G-0
21581	1	A-0	T-0	C-1	G-0
24385	7	A-0	T-7	C-0	G-0
28807	1	A-1	T-0	C-0	G-0
2010	1	A-0	T-0	C-1	G-0
4614	1	A-1	T-0	C-0	G-0
14801	1	A-0	T-1	C-0	G-0
19673	1	A-0	T-0	C-0	G-1
29542	2	A-0	T-2	C-0	G-0
11456	3	A-0	T-0	C-3	G-0
277	1	A-1	T-0	C-0	G-0
4762	2	A-0	T-2	C-0	G-0
12409	1	A-0	T-0	C-0	G-1
12755	1	A-0	T-1	C-0	G-0
15338	1	A-1	T-0	C-0	G-0
17950	1	A-0	T-0	C-1	G-0
21994	4	A-0	T-0	C-4	G-0
22011	1	A-0	T-0	C-1	G-0
22198	1	A-1	T-0	C-0	G-0
27428	1	A-0	T-1	C-0	G-0
28724	4	A-0	T-4	C-0	G-0
6577	1	A-0	T-1	C-0	G-0
11095	2	A-0	T-0	C-2	G-0
15935	2	A-0	T-2	C-0	G-0
13167	1	A-0	T-1	C-0	G-0
25165	1	A-0	T-0	C-1	G-0
11659	2	A-0	T-0	C-2	G-0
18656	4	A-0	T-4	C-0	G-0
20999	2	A-0	T-0	C-2	G-0
27736	2	A-0	T-2	C-0	G-0
29720	3	A-0	T-3	C-0	G-0
6801	4	A-4	T-0	C-0	G-0
9540	5	A-0	T-5	C-0	G-0
11307	6	A-0	T-6	C-0	G-0
19895	11	A-0	T-0	C-11	G-0
21698	1	A-0	T-1	C-0	G-0
23586	9	A-3	T-1	C-5	G-0
139	5	A-0	T-5	C-0	G-0
1379	2	A-0	T-2	C-0	G-0
5220	4	A-0	T-4	C-0	G-0
15612	2	A-0	T-2	C-0	G-0
26150	4	A-0	T-4	C-0	G-0
29708	2	A-2	T-0	C-0	G-0
6725	1	A-0	T-1	C-0	G-0
24976	4	A-0	T-0	C-4	G-0
26110	1	A-0	T-1	C-0	G-0
3923	1	A-1	T-0	C-0	G-0
15402	1	A-0	T-0	C-0	G-1
22837	3	A-0	T-3	C-0	G-0
29094	4	A-0	T-4	C-0	G-0
3832	1	A-0	T-0	C-1	G-0
22316	7	A-0	T-7	C-0	G-0
27914	16	A-1	T-15	C-0	G-0
4368	2	A-0	T-0	C-2	G-0
5848	4	A-0	T-4	C-0	G-0
16456	5	A-0	T-5	C-0	G-0
21076	6	A-0	T-6	C-0	G-0
22819	2	A-2	T-0	C-0	G-0
27848	1	A-0	T-0	C-0	G-1
28245	2	A-0	T-0	C-2	G-0
2709	6	A-0	T-6	C-0	G-0
3276	5	A-0	T-5	C-0	G-0
10232	1	A-0	T-1	C-0	G-0
22125	5	A-0	T-0	C-5	G-0
25843	5	A-0	T-5	C-0	G-0
9398	1	A-0	T-1	C-0	G-0
9500	1	A-0	T-1	C-0	G-0
11520	1	A-1	T-0	C-0	G-0
21801	1	A-0	T-0	C-0	G-1
29613	3	A-0	T-3	C-0	G-0
3314	1	A-1	T-0	C-0	G-0
10614	6	A-0	T-6	C-0	G-0
17303	3	A-0	T-3	C-0	G-0
928	3	A-0	T-0	C-0	G-3
23041	3	A-0	T-0	C-3	G-0
23229	1	A-0	T-1	C-0	G-0
2601	2	A-0	T-0	C-2	G-0
23633	5	A-0	T-5	C-0	G-0
3945	1	A-0	T-0	C-0	G-1
8037	2	A-0	T-0	C-2	G-0
17462	1	A-0	T-1	C-0	G-0
18365	1	A-0	T-0	C-0	G-1
22854	3	A-0	T-3	C-0	G-0
25568	2	A-0	T-0	C-2	G-0
26030	2	A-2	T-0	C-0	G-0
10331	2	A-0	T-2	C-0	G-0
21647	2	A-0	T-2	C-0	G-0
25776	2	A-0	T-2	C-0	G-0
5834	2	A-0	T-2	C-0	G-0
9106	3	A-0	T-0	C-3	G-0
24387	3	A-0	T-0	C-0	G-3
25108	3	A-0	T-0	C-0	G-3
27783	2	A-0	T-2	C-0	G-0
28248	2	A-0	T-0	C-2	G-0
15024	1	A-1	T-0	C-0	G-0
16091	1	A-0	T-1	C-0	G-0
21621	5	A-0	T-3	C-0	G-2
22563	4	A-1	T-3	C-0	G-0
28791	1	A-0	T-1	C-0	G-0
1346	10	A-0	T-10	C-0	G-0
1269	1	A-0	T-0	C-1	G-0
2861	1	A-0	T-1	C-0	G-0
8126	1	A-0	T-1	C-0	G-0
10059	1	A-0	T-0	C-1	G-0
12366	1	A-0	T-1	C-0	G-0
12650	2	A-0	T-2	C-0	G-0
13117	1	A-1	T-0	C-0	G-0
17474	1	A-0	T-0	C-1	G-0
19260	1	A-0	T-0	C-0	G-1
24196	1	A-0	T-1	C-0	G-0
10641	1	A-0	T-1	C-0	G-0
2533	2	A-0	T-2	C-0	G-0
25426	2	A-0	T-2	C-0	G-0
12072	1	A-0	T-1	C-0	G-0
22993	1	A-0	T-0	C-0	G-1
25275	1	A-1	T-0	C-0	G-0
27653	1	A-0	T-1	C-0	G-0
29286	1	A-0	T-0	C-0	G-1
29397	1	A-0	T-1	C-0	G-0
16225	1	A-0	T-1	C-0	G-0
15538	1	A-0	T-0	C-1	G-0
1468	1	A-0	T-1	C-0	G-0
21720	3	A-0	T-3	C-0	G-0
12438	1	A-0	T-1	C-0	G-0
6882	1	A-0	T-1	C-0	G-0
23307	1	A-0	T-0	C-1	G-0
25113	1	A-0	T-1	C-0	G-0
26313	2	A-1	T-0	C-1	G-0
2508	3	A-0	T-3	C-0	G-0
10141	3	A-3	T-0	C-0	G-0
23416	5	A-0	T-0	C-5	G-0
18224	1	A-0	T-1	C-0	G-0
825	2	A-0	T-0	C-2	G-0
1239	1	A-0	T-0	C-1	G-0
5703	2	A-0	T-0	C-2	G-0
15365	3	A-0	T-0	C-3	G-0
18569	5	A-4	T-1	C-0	G-0
20805	2	A-0	T-2	C-0	G-0
29259	3	A-3	T-0	C-0	G-0
5178	1	A-1	T-0	C-0	G-0
12746	2	A-0	T-2	C-0	G-0
29466	1	A-0	T-1	C-0	G-0
919	2	A-0	T-2	C-0	G-0
3541	2	A-0	T-0	C-0	G-2
5705	1	A-0	T-0	C-0	G-1
11493	3	A-0	T-3	C-0	G-0
12660	2	A-2	T-0	C-0	G-0
18746	3	A-0	T-3	C-0	G-0
21756	2	A-0	T-2	C-0	G-0
27878	2	A-0	T-2	C-0	G-0
27982	1	A-0	T-1	C-0	G-0
28026	2	A-0	T-0	C-2	G-0
29065	2	A-0	T-2	C-0	G-0
15515	1	A-0	T-0	C-1	G-0
4254	2	A-2	T-0	C-0	G-0
9225	2	A-0	T-2	C-0	G-0
13207	1	A-0	T-0	C-1	G-0
14375	1	A-0	T-1	C-0	G-0
25656	2	A-0	T-0	C-0	G-2
28530	2	A-0	T-2	C-0	G-0
19978	2	A-2	T-0	C-0	G-0
3837	2	A-1	T-1	C-0	G-0
4929	1	A-0	T-0	C-1	G-0
13720	2	A-0	T-2	C-0	G-0
17214	1	A-0	T-0	C-0	G-1
3883	1	A-0	T-1	C-0	G-0
9072	2	A-0	T-2	C-0	G-0
23888	1	A-0	T-0	C-0	G-1
594	1	A-0	T-0	C-1	G-0
9550	1	A-1	T-0	C-0	G-0
24474	2	A-0	T-0	C-2	G-0
25670	1	A-0	T-1	C-0	G-0
1169	2	A-1	T-1	C-0	G-0
1548	1	A-0	T-1	C-0	G-0
1783	1	A-1	T-0	C-0	G-0
14182	1	A-0	T-1	C-0	G-0
16749	2	A-0	T-2	C-0	G-0
18617	1	A-0	T-0	C-0	G-1
19010	1	A-0	T-1	C-0	G-0
22304	1	A-0	T-0	C-1	G-0
25471	1	A-0	T-0	C-0	G-1
27695	1	A-0	T-0	C-1	G-0
29088	1	A-0	T-0	C-0	G-1
29566	1	A-0	T-0	C-0	G-1
8030	1	A-0	T-0	C-0	G-1
11781	2	A-0	T-0	C-0	G-2
12777	1	A-0	T-1	C-0	G-0
19336	1	A-0	T-0	C-0	G-1
21723	3	A-1	T-2	C-0	G-0
22103	3	A-0	T-3	C-0	G-0
22599	4	A-0	T-2	C-2	G-0
24078	1	A-0	T-0	C-1	G-0
24192	1	A-0	T-1	C-0	G-0
26195	1	A-1	T-0	C-0	G-0
29674	1	A-0	T-1	C-0	G-0
29701	1	A-1	T-0	C-0	G-0
6635	3	A-0	T-3	C-0	G-0
15951	3	A-0	T-3	C-0	G-0
25258	1	A-0	T-1	C-0	G-0
28475	2	A-1	T-0	C-1	G-0
6333	1	A-0	T-0	C-0	G-1
14023	1	A-0	T-1	C-0	G-0
23671	1	A-0	T-0	C-1	G-0
28341	1	A-0	T-0	C-0	G-1
29430	1	A-1	T-0	C-0	G-0
26745	2	A-0	T-2	C-0	G-0
15014	1	A-0	T-0	C-1	G-0
15016	2	A-1	T-1	C-0	G-0
22457	3	A-0	T-3	C-0	G-0
14096	6	A-0	T-6	C-0	G-0
14813	1	A-0	T-0	C-1	G-0
26127	1	A-0	T-0	C-0	G-1
27508	3	A-0	T-3	C-0	G-0
13757	1	A-0	T-0	C-0	G-1
18165	1	A-0	T-1	C-0	G-0
9194	1	A-0	T-1	C-0	G-0
15278	1	A-0	T-1	C-0	G-0
16259	2	A-0	T-2	C-0	G-0
6935	3	A-0	T-3	C-0	G-0
22319	3	A-0	T-0	C-0	G-3
27429	4	A-4	T-0	C-0	G-0
1322	3	A-0	T-3	C-0	G-0
9390	5	A-0	T-5	C-0	G-0
27553	1	A-1	T-0	C-0	G-0
1061	1	A-0	T-0	C-0	G-1
22546	1	A-0	T-0	C-1	G-0
4972	5	A-0	T-5	C-0	G-0
8042	4	A-0	T-4	C-0	G-0
17678	6	A-0	T-6	C-0	G-0
22326	5	A-0	T-0	C-5	G-0
25773	5	A-5	T-0	C-0	G-0
28984	3	A-2	T-1	C-0	G-0
29281	1	A-0	T-1	C-0	G-0
4632	1	A-0	T-1	C-0	G-0
5606	1	A-0	T-0	C-0	G-1
24841	1	A-1	T-0	C-0	G-0
25975	1	A-0	T-1	C-0	G-0
3063	1	A-0	T-1	C-0	G-0
5483	1	A-0	T-0	C-0	G-1
12870	2	A-1	T-0	C-1	G-0
18843	1	A-1	T-0	C-0	G-0
27764	1	A-0	T-1	C-0	G-0
3856	20	A-20	T-0	C-0	G-0
5811	8	A-0	T-8	C-0	G-0
16740	7	A-0	T-7	C-0	G-0
20740	21	A-0	T-0	C-0	G-21
21810	14	A-0	T-14	C-0	G-0
27831	8	A-0	T-0	C-1	G-7
3344	1	A-1	T-0	C-0	G-0
4113	1	A-0	T-0	C-1	G-0
15371	1	A-0	T-1	C-0	G-0
22434	1	A-0	T-0	C-1	G-0
27156	1	A-1	T-0	C-0	G-0
28067	6	A-0	T-6	C-0	G-0
2394	1	A-0	T-1	C-0	G-0
397	1	A-0	T-1	C-0	G-0
22345	1	A-0	T-1	C-0	G-0
24105	1	A-0	T-1	C-0	G-0
29223	1	A-1	T-0	C-0	G-0
1177	1	A-0	T-1	C-0	G-0
330	3	A-3	T-0	C-0	G-0
1466	2	A-2	T-0	C-0	G-0
6282	1	A-0	T-0	C-1	G-0
7767	2	A-0	T-2	C-0	G-0
23627	3	A-3	T-0	C-0	G-0
935	1	A-0	T-1	C-0	G-0
19815	1	A-0	T-1	C-0	G-0
924	2	A-0	T-2	C-0	G-0
27717	2	A-2	T-0	C-0	G-0
13264	1	A-0	T-0	C-0	G-1
13347	9	A-0	T-9	C-0	G-0
25749	1	A-0	T-0	C-1	G-0
27492	1	A-0	T-1	C-0	G-0
27629	2	A-1	T-1	C-0	G-0
25636	1	A-0	T-0	C-0	G-1
29526	1	A-0	T-1	C-0	G-0
899	2	A-0	T-2	C-0	G-0
13943	2	A-0	T-2	C-0	G-0
19332	2	A-2	T-0	C-0	G-0
5301	1	A-0	T-0	C-0	G-1
16048	5	A-0	T-5	C-0	G-0
22217	5	A-5	T-0	C-0	G-0
8703	4	A-0	T-0	C-4	G-0
10276	5	A-0	T-5	C-0	G-0
12558	4	A-0	T-4	C-0	G-0
15296	2	A-0	T-0	C-2	G-0
24915	1	A-0	T-1	C-0	G-0
27359	5	A-0	T-0	C-5	G-0
29523	4	A-0	T-0	C-4	G-0
2392	1	A-1	T-0	C-0	G-0
7621	1	A-1	T-0	C-0	G-0
10997	1	A-1	T-0	C-0	G-0
13422	1	A-0	T-1	C-0	G-0
22315	1	A-1	T-0	C-0	G-0
22325	2	A-0	T-2	C-0	G-0
24642	1	A-0	T-0	C-1	G-0
2699	3	A-0	T-3	C-0	G-0
8644	3	A-0	T-3	C-0	G-0
10335	3	A-0	T-3	C-0	G-0
14358	1	A-0	T-0	C-0	G-1
15276	2	A-0	T-2	C-0	G-0
19163	3	A-0	T-3	C-0	G-0
21854	2	A-2	T-0	C-0	G-0
20114	1	A-0	T-1	C-0	G-0
4422	2	A-0	T-2	C-0	G-0
11990	2	A-0	T-0	C-0	G-2
14288	2	A-0	T-0	C-2	G-0
8073	2	A-0	T-2	C-0	G-0
12780	4	A-0	T-4	C-0	G-0
12808	1	A-0	T-1	C-0	G-0
13018	2	A-0	T-2	C-0	G-0
18479	1	A-0	T-0	C-0	G-1
27759	1	A-0	T-0	C-0	G-1
27922	6	A-0	T-6	C-0	G-0
604	1	A-0	T-0	C-1	G-0
1615	1	A-0	T-1	C-0	G-0
4905	1	A-0	T-0	C-1	G-0
17401	2	A-0	T-2	C-0	G-0
18956	1	A-0	T-0	C-1	G-0
18983	5	A-0	T-5	C-0	G-0
28536	1	A-0	T-0	C-0	G-1
1956	1	A-0	T-1	C-0	G-0
5584	1	A-1	T-0	C-0	G-0
5906	1	A-0	T-1	C-0	G-0
6524	1	A-0	T-1	C-0	G-0
7223	1	A-0	T-1	C-0	G-0
19298	1	A-0	T-0	C-1	G-0
22263	8	A-0	T-8	C-0	G-0
27240	1	A-0	T-0	C-0	G-1
28773	1	A-0	T-1	C-0	G-0
4143	1	A-1	T-0	C-0	G-0
28636	1	A-0	T-1	C-0	G-0
1521	1	A-1	T-0	C-0	G-0
6780	1	A-0	T-1	C-0	G-0
28774	1	A-0	T-1	C-0	G-0
174	1	A-0	T-0	C-1	G-0
15239	2	A-0	T-2	C-0	G-0
15379	2	A-1	T-1	C-0	G-0
22035	3	A-0	T-1	C-0	G-2
23058	1	A-0	T-1	C-0	G-0
29076	5	A-0	T-5	C-0	G-0
29639	2	A-0	T-2	C-0	G-0
1302	1	A-0	T-0	C-1	G-0
14119	1	A-0	T-1	C-0	G-0
29522	2	A-1	T-1	C-0	G-0
15069	1	A-1	T-0	C-0	G-0
1141	3	A-0	T-3	C-0	G-0
5062	5	A-5	T-0	C-0	G-0
5569	1	A-0	T-0	C-0	G-1
7470	3	A-0	T-3	C-0	G-0
10194	3	A-0	T-0	C-0	G-3
11092	3	A-3	T-0	C-0	G-0
18646	3	A-0	T-3	C-0	G-0
27746	3	A-0	T-0	C-3	G-0
28145	1	A-0	T-1	C-0	G-0
28152	4	A-0	T-4	C-0	G-0
1818	10	A-0	T-10	C-0	G-0
2559	10	A-0	T-0	C-0	G-10
14040	10	A-0	T-0	C-0	G-10
26536	10	A-0	T-10	C-0	G-0
105	5	A-0	T-5	C-0	G-0
2333	2	A-0	T-2	C-0	G-0
3651	1	A-0	T-0	C-0	G-1
8718	1	A-0	T-0	C-1	G-0
17443	1	A-0	T-1	C-0	G-0
29540	7	A-2	T-5	C-0	G-0
968	1	A-0	T-0	C-0	G-1
2112	3	A-0	T-3	C-0	G-0
8722	1	A-0	T-0	C-0	G-1
16856	1	A-1	T-0	C-0	G-0
26333	3	A-0	T-0	C-3	G-0
27166	1	A-0	T-1	C-0	G-0
27212	3	A-0	T-3	C-0	G-0
6904	1	A-0	T-0	C-0	G-1
12310	1	A-1	T-0	C-0	G-0
3106	1	A-1	T-0	C-0	G-0
1918	2	A-1	T-1	C-0	G-0
822	1	A-0	T-1	C-0	G-0
8199	1	A-0	T-0	C-1	G-0
18059	3	A-0	T-3	C-0	G-0
27505	1	A-0	T-1	C-0	G-0
5574	8	A-0	T-8	C-0	G-0
7860	1	A-0	T-0	C-1	G-0
17001	2	A-0	T-2	C-0	G-0
19894	2	A-0	T-2	C-0	G-0
5955	1	A-0	T-1	C-0	G-0
6995	2	A-0	T-0	C-2	G-0
27472	2	A-0	T-2	C-0	G-0
10680	4	A-0	T-4	C-0	G-0
12115	1	A-1	T-0	C-0	G-0
6444	5	A-0	T-5	C-0	G-0
12768	1	A-1	T-0	C-0	G-0
23637	6	A-0	T-6	C-0	G-0
708	2	A-0	T-2	C-0	G-0
8101	1	A-1	T-0	C-0	G-0
14397	1	A-0	T-1	C-0	G-0
22737	1	A-0	T-0	C-1	G-0
24369	3	A-0	T-3	C-0	G-0
25110	1	A-0	T-0	C-1	G-0
28920	1	A-0	T-0	C-1	G-0
2522	4	A-0	T-4	C-0	G-0
19262	3	A-1	T-2	C-0	G-0
19661	1	A-0	T-1	C-0	G-0
21203	3	A-0	T-3	C-0	G-0
28702	3	A-0	T-2	C-1	G-0
544	4	A-1	T-3	C-0	G-0
592	4	A-0	T-4	C-0	G-0
9258	3	A-0	T-0	C-0	G-3
13328	2	A-0	T-2	C-0	G-0
25227	1	A-0	T-0	C-1	G-0
26015	1	A-0	T-0	C-1	G-0
6361	1	A-1	T-0	C-0	G-0
13731	1	A-0	T-0	C-0	G-1
23316	1	A-0	T-0	C-1	G-0
28723	2	A-0	T-2	C-0	G-0
29199	2	A-0	T-2	C-0	G-0
16465	1	A-0	T-1	C-0	G-0
18347	3	A-0	T-3	C-0	G-0
21776	3	A-0	T-3	C-0	G-0
871	7	A-7	T-0	C-0	G-0
21134	7	A-0	T-0	C-0	G-7
23672	8	A-0	T-8	C-0	G-0
5151	1	A-0	T-0	C-1	G-0
15856	1	A-0	T-1	C-0	G-0
22166	1	A-0	T-0	C-0	G-1
4441	1	A-1	T-0	C-0	G-0
600	1	A-0	T-1	C-0	G-0
873	7	A-0	T-7	C-0	G-0
21431	1	A-1	T-0	C-0	G-0
485	4	A-0	T-4	C-0	G-0
1641	2	A-0	T-2	C-0	G-0
13449	2	A-0	T-0	C-2	G-0
20549	2	A-0	T-0	C-2	G-0
22621	1	A-0	T-0	C-0	G-1
26941	1	A-0	T-1	C-0	G-0
8729	4	A-0	T-4	C-0	G-0
11996	3	A-0	T-0	C-3	G-0
12918	3	A-0	T-3	C-0	G-0
14366	3	A-0	T-0	C-3	G-0
19883	1	A-0	T-1	C-0	G-0
25501	1	A-0	T-0	C-1	G-0
27392	3	A-0	T-3	C-0	G-0
218	3	A-2	T-0	C-1	G-0
14723	2	A-0	T-2	C-0	G-0
10370	1	A-0	T-0	C-1	G-0
27045	1	A-0	T-1	C-0	G-0
1810	2	A-0	T-2	C-0	G-0
6921	3	A-0	T-1	C-2	G-0
711	1	A-1	T-0	C-0	G-0
3808	1	A-1	T-0	C-0	G-0
5883	2	A-0	T-2	C-0	G-0
27685	1	A-1	T-0	C-0	G-0
19998	1	A-1	T-0	C-0	G-0
1593	2	A-0	T-2	C-0	G-0
1972	2	A-0	T-2	C-0	G-0
5019	2	A-0	T-2	C-0	G-0
9159	1	A-0	T-0	C-1	G-0
11832	1	A-0	T-1	C-0	G-0
16674	1	A-0	T-1	C-0	G-0
21341	1	A-0	T-1	C-0	G-0
26198	3	A-0	T-2	C-1	G-0
27668	1	A-0	T-0	C-1	G-0
10630	1	A-1	T-0	C-0	G-0
9706	2	A-0	T-0	C-0	G-2
25506	4	A-2	T-2	C-0	G-0
28169	2	A-0	T-2	C-0	G-0
12294	1	A-0	T-1	C-0	G-0
18317	1	A-0	T-1	C-0	G-0
1472	11	A-0	T-11	C-0	G-0
3994	1	A-1	T-0	C-0	G-0
22110	12	A-0	T-12	C-0	G-0
22985	14	A-0	T-14	C-0	G-0
24441	12	A-0	T-12	C-0	G-0
13619	1	A-0	T-1	C-0	G-0
22431	2	A-0	T-2	C-0	G-0
11598	2	A-0	T-0	C-2	G-0
18570	1	A-1	T-0	C-0	G-0
29166	3	A-0	T-3	C-0	G-0
4953	6	A-0	T-0	C-0	G-6
15908	1	A-0	T-0	C-1	G-0
16858	1	A-0	T-1	C-0	G-0
27127	1	A-1	T-0	C-0	G-0
29603	1	A-0	T-0	C-1	G-0
19762	1	A-0	T-1	C-0	G-0
29347	1	A-1	T-0	C-0	G-0
16792	1	A-1	T-0	C-0	G-0
6331	2	A-0	T-0	C-0	G-2
6646	1	A-1	T-0	C-0	G-0
19151	2	A-0	T-2	C-0	G-0
27576	1	A-0	T-1	C-0	G-0
3258	4	A-0	T-4	C-0	G-0
6560	1	A-0	T-0	C-0	G-1
20450	1	A-0	T-1	C-0	G-0
24833	2	A-2	T-0	C-0	G-0
24856	1	A-1	T-0	C-0	G-0
488	2	A-0	T-0	C-2	G-0
10322	3	A-0	T-0	C-0	G-3
25623	2	A-0	T-2	C-0	G-0
7037	1	A-1	T-0	C-0	G-0
18803	3	A-0	T-3	C-0	G-0
29026	1	A-0	T-1	C-0	G-0
3098	2	A-0	T-2	C-0	G-0
8821	1	A-0	T-0	C-1	G-0
10671	1	A-0	T-0	C-1	G-0
17924	1	A-0	T-0	C-1	G-0
5088	1	A-0	T-0	C-0	G-1
28087	1	A-0	T-0	C-1	G-0
497	1	A-0	T-1	C-0	G-0
8129	1	A-0	T-0	C-0	G-1
16868	1	A-0	T-1	C-0	G-0
21955	6	A-0	T-0	C-6	G-0
1412	1	A-1	T-0	C-0	G-0
1819	4	A-4	T-0	C-0	G-0
8173	1	A-1	T-0	C-0	G-0
12783	1	A-0	T-1	C-0	G-0
15924	1	A-0	T-1	C-0	G-0
19214	1	A-0	T-0	C-1	G-0
28072	1	A-0	T-1	C-0	G-0
16628	1	A-1	T-0	C-0	G-0
17156	1	A-0	T-0	C-0	G-1
27740	2	A-0	T-2	C-0	G-0
29133	3	A-1	T-2	C-0	G-0
6297	2	A-0	T-0	C-2	G-0
9095	1	A-0	T-1	C-0	G-0
23841	2	A-0	T-0	C-2	G-0
28751	1	A-0	T-1	C-0	G-0
378	2	A-0	T-2	C-0	G-0
1873	1	A-0	T-1	C-0	G-0
16328	12	A-0	T-12	C-0	G-0
21522	6	A-6	T-0	C-0	G-0
10278	2	A-0	T-2	C-0	G-0
7503	1	A-0	T-1	C-0	G-0
12222	1	A-0	T-1	C-0	G-0
18699	1	A-1	T-0	C-0	G-0
23190	2	A-0	T-2	C-0	G-0
677	2	A-0	T-2	C-0	G-0
1861	2	A-0	T-2	C-0	G-0
4809	2	A-0	T-2	C-0	G-0
9571	1	A-1	T-0	C-0	G-0
10942	2	A-2	T-0	C-0	G-0
23892	2	A-0	T-2	C-0	G-0
24381	4	A-0	T-4	C-0	G-0
27882	2	A-0	T-2	C-0	G-0
28004	1	A-1	T-0	C-0	G-0
3252	1	A-0	T-1	C-0	G-0
17743	2	A-0	T-0	C-0	G-2
27608	1	A-0	T-0	C-0	G-1
9245	5	A-0	T-5	C-0	G-0
11438	1	A-0	T-0	C-0	G-1
18114	1	A-0	T-1	C-0	G-0
23727	4	A-0	T-0	C-4	G-0
16074	1	A-0	T-1	C-0	G-0
3744	1	A-0	T-0	C-1	G-0
11460	1	A-0	T-1	C-0	G-0
18813	1	A-0	T-1	C-0	G-0
19208	1	A-0	T-0	C-1	G-0
19722	1	A-0	T-1	C-0	G-0
20361	1	A-0	T-0	C-1	G-0
13126	3	A-3	T-0	C-0	G-0
18325	3	A-0	T-3	C-0	G-0
24628	3	A-0	T-3	C-0	G-0
28510	3	A-0	T-3	C-0	G-0
8652	1	A-0	T-1	C-0	G-0
3959	1	A-0	T-0	C-1	G-0
8091	2	A-0	T-2	C-0	G-0
11354	1	A-0	T-1	C-0	G-0
16331	1	A-0	T-1	C-0	G-0
25657	1	A-0	T-1	C-0	G-0
7172	1	A-0	T-1	C-0	G-0
23289	1	A-0	T-0	C-0	G-1
22193	1	A-0	T-0	C-0	G-1
25813	1	A-0	T-1	C-0	G-0
26021	4	A-0	T-4	C-0	G-0
1345	2	A-1	T-1	C-0	G-0
27969	1	A-0	T-1	C-0	G-0
5607	1	A-0	T-0	C-0	G-1
5885	3	A-0	T-3	C-0	G-0
10134	1	A-1	T-0	C-0	G-0
28250	4	A-0	T-0	C-0	G-4
28252	4	A-0	T-4	C-0	G-0
2772	5	A-0	T-5	C-0	G-0
17121	3	A-0	T-3	C-0	G-0
17967	1	A-1	T-0	C-0	G-0
12282	1	A-0	T-0	C-1	G-0
15653	2	A-0	T-2	C-0	G-0
27745	1	A-1	T-0	C-0	G-0
26505	1	A-1	T-0	C-0	G-0
1324	1	A-1	T-0	C-0	G-0
21218	3	A-0	T-3	C-0	G-0
4685	1	A-0	T-1	C-0	G-0
6035	1	A-1	T-0	C-0	G-0
20482	1	A-0	T-1	C-0	G-0
27707	1	A-1	T-0	C-0	G-0
28816	1	A-0	T-1	C-0	G-0
1440	1	A-0	T-1	C-0	G-0
23398	2	A-0	T-0	C-0	G-2
29519	1	A-0	T-1	C-0	G-0
10368	2	A-0	T-2	C-0	G-0
19401	1	A-0	T-1	C-0	G-0
20150	1	A-0	T-0	C-1	G-0
29366	1	A-0	T-1	C-0	G-0
7067	1	A-0	T-0	C-0	G-1
3486	1	A-0	T-1	C-0	G-0
10447	1	A-0	T-1	C-0	G-0
25046	2	A-0	T-2	C-0	G-0
15608	1	A-0	T-0	C-0	G-1
23006	1	A-1	T-0	C-0	G-0
16914	1	A-0	T-1	C-0	G-0
8579	4	A-0	T-0	C-0	G-4
27434	3	A-0	T-0	C-3	G-0
3874	2	A-2	T-0	C-0	G-0
3954	2	A-0	T-2	C-0	G-0
4578	8	A-8	T-0	C-0	G-0
5388	2	A-0	T-0	C-2	G-0
8625	6	A-0	T-6	C-0	G-0
12067	12	A-0	T-12	C-0	G-0
14267	2	A-2	T-0	C-0	G-0
23322	2	A-0	T-0	C-2	G-0
25055	2	A-0	T-0	C-0	G-2
25533	2	A-0	T-2	C-0	G-0
25536	2	A-0	T-2	C-0	G-0
25730	2	A-0	T-2	C-0	G-0
11226	1	A-0	T-0	C-1	G-0
1384	1	A-0	T-1	C-0	G-0
3169	1	A-0	T-1	C-0	G-0
192	6	A-0	T-6	C-0	G-0
26508	1	A-0	T-1	C-0	G-0
2141	1	A-0	T-1	C-0	G-0
5692	1	A-0	T-1	C-0	G-0
11529	1	A-0	T-1	C-0	G-0
15719	1	A-0	T-1	C-0	G-0
25045	2	A-0	T-2	C-0	G-0
27402	1	A-0	T-0	C-0	G-1
27755	1	A-0	T-1	C-0	G-0
17049	1	A-0	T-1	C-0	G-0
25564	1	A-1	T-0	C-0	G-0
412	1	A-0	T-0	C-0	G-1
24993	1	A-0	T-0	C-0	G-1
25570	1	A-0	T-1	C-0	G-0
1776	3	A-0	T-0	C-0	G-3
27545	1	A-0	T-0	C-1	G-0
6144	5	A-0	T-5	C-0	G-0
6627	1	A-0	T-1	C-0	G-0
7719	1	A-0	T-1	C-0	G-0
23281	1	A-0	T-1	C-0	G-0
1680	6	A-2	T-4	C-0	G-0
2538	2	A-2	T-0	C-0	G-0
11772	1	A-0	T-0	C-1	G-0
14240	1	A-1	T-0	C-0	G-0
22202	1	A-0	T-1	C-0	G-0
23319	1	A-0	T-1	C-0	G-0
29465	1	A-0	T-1	C-0	G-0
4275	8	A-0	T-8	C-0	G-0
8257	1	A-1	T-0	C-0	G-0
9099	1	A-0	T-0	C-1	G-0
20945	1	A-0	T-1	C-0	G-0
24414	1	A-0	T-1	C-0	G-0
24955	1	A-0	T-0	C-0	G-1
27979	1	A-0	T-0	C-0	G-1
329	1	A-0	T-0	C-0	G-1
651	1	A-0	T-0	C-1	G-0
2910	1	A-0	T-0	C-1	G-0
10033	3	A-0	T-0	C-0	G-3
13817	1	A-0	T-1	C-0	G-0
17084	1	A-0	T-0	C-0	G-1
20396	1	A-1	T-0	C-0	G-0
23664	1	A-0	T-0	C-0	G-1
26599	1	A-0	T-1	C-0	G-0
24025	2	A-0	T-2	C-0	G-0
26965	1	A-0	T-0	C-1	G-0
29290	1	A-1	T-0	C-0	G-0
1852	1	A-0	T-1	C-0	G-0
14177	1	A-0	T-1	C-0	G-0
21997	5	A-3	T-2	C-0	G-0
22497	2	A-0	T-2	C-0	G-0
26109	1	A-0	T-1	C-0	G-0
29008	1	A-0	T-1	C-0	G-0
12662	1	A-0	T-1	C-0	G-0
29136	1	A-0	T-1	C-0	G-0
5783	2	A-0	T-2	C-0	G-0
15116	2	A-0	T-0	C-2	G-0
29525	2	A-0	T-2	C-0	G-0
4204	1	A-0	T-1	C-0	G-0
4839	2	A-0	T-0	C-0	G-2
5049	1	A-0	T-0	C-1	G-0
5292	1	A-0	T-0	C-1	G-0
9282	1	A-0	T-0	C-1	G-0
19079	1	A-0	T-0	C-0	G-1
21737	1	A-0	T-0	C-1	G-0
21840	1	A-0	T-0	C-1	G-0
25523	1	A-0	T-0	C-0	G-1
26986	1	A-0	T-0	C-1	G-0
7873	2	A-0	T-2	C-0	G-0
29763	1	A-1	T-0	C-0	G-0
29769	5	A-0	T-5	C-0	G-0
29790	1	A-1	T-0	C-0	G-0
22623	1	A-0	T-1	C-0	G-0
17493	1	A-1	T-0	C-0	G-0
18554	3	A-0	T-3	C-0	G-0
27589	1	A-0	T-1	C-0	G-0
28333	2	A-0	T-0	C-2	G-0
16688	3	A-0	T-0	C-3	G-0
20246	3	A-0	T-3	C-0	G-0
27869	3	A-0	T-3	C-0	G-0
29320	3	A-0	T-3	C-0	G-0
1165	1	A-1	T-0	C-0	G-0
24373	1	A-0	T-1	C-0	G-0
27838	1	A-0	T-0	C-1	G-0
2590	1	A-1	T-0	C-0	G-0
3040	1	A-0	T-1	C-0	G-0
28289	4	A-0	T-4	C-0	G-0
9345	1	A-0	T-0	C-1	G-0
9408	3	A-0	T-0	C-0	G-3
13622	1	A-0	T-0	C-0	G-1
18233	1	A-0	T-0	C-0	G-1
23201	1	A-0	T-1	C-0	G-0
155	4	A-0	T-0	C-0	G-4
6719	3	A-0	T-3	C-0	G-0
15536	3	A-0	T-0	C-3	G-0
21676	1	A-0	T-1	C-0	G-0
22866	1	A-0	T-0	C-1	G-0
27137	1	A-0	T-0	C-1	G-0
28452	1	A-0	T-1	C-0	G-0
29631	1	A-0	T-1	C-0	G-0
65	1	A-0	T-1	C-0	G-0
28255	1	A-0	T-1	C-0	G-0
14359	1	A-0	T-0	C-1	G-0
1684	6	A-6	T-0	C-0	G-0
9906	6	A-0	T-6	C-0	G-0
23001	1	A-0	T-0	C-1	G-0
7389	2	A-1	T-1	C-0	G-0
11560	1	A-0	T-0	C-1	G-0
17399	2	A-0	T-0	C-2	G-0
23422	3	A-0	T-3	C-0	G-0
18623	1	A-0	T-1	C-0	G-0
19382	1	A-0	T-0	C-1	G-0
23625	3	A-0	T-0	C-3	G-0
6257	1	A-0	T-1	C-0	G-0
16829	1	A-0	T-1	C-0	G-0
18743	1	A-0	T-1	C-0	G-0
26190	1	A-0	T-1	C-0	G-0
4569	15	A-0	T-15	C-0	G-0
26291	15	A-0	T-15	C-0	G-0
22223	1	A-0	T-1	C-0	G-0
7161	1	A-0	T-1	C-0	G-0
27420	1	A-0	T-0	C-0	G-1
8737	1	A-0	T-0	C-0	G-1
28249	7	A-0	T-0	C-0	G-7
3960	1	A-0	T-1	C-0	G-0
12822	1	A-0	T-1	C-0	G-0
16938	1	A-0	T-0	C-1	G-0
25586	7	A-0	T-7	C-0	G-0
27423	1	A-0	T-0	C-0	G-1
27535	1	A-0	T-1	C-0	G-0
11867	1	A-0	T-1	C-0	G-0
21659	1	A-0	T-1	C-0	G-0
19805	1	A-0	T-1	C-0	G-0
29728	6	A-0	T-0	C-0	G-6
642	3	A-0	T-3	C-0	G-0
16322	2	A-0	T-2	C-0	G-0
27217	2	A-0	T-0	C-0	G-2
28569	2	A-0	T-0	C-2	G-0
1823	1	A-0	T-1	C-0	G-0
2357	1	A-0	T-1	C-0	G-0
582	3	A-0	T-3	C-0	G-0
6394	2	A-0	T-2	C-0	G-0
24977	1	A-0	T-0	C-0	G-1
252	2	A-0	T-0	C-0	G-2
566	1	A-1	T-0	C-0	G-0
10603	1	A-1	T-0	C-0	G-0
28045	1	A-0	T-0	C-1	G-0
2535	2	A-0	T-2	C-0	G-0
345	1	A-0	T-1	C-0	G-0
18510	1	A-0	T-1	C-0	G-0
13778	1	A-0	T-0	C-1	G-0
23208	1	A-0	T-0	C-0	G-1
25289	1	A-0	T-1	C-0	G-0
28153	1	A-0	T-1	C-0	G-0
2105	2	A-2	T-0	C-0	G-0
3482	2	A-2	T-0	C-0	G-0
14304	1	A-0	T-0	C-1	G-0
18247	3	A-0	T-3	C-0	G-0
3410	1	A-0	T-1	C-0	G-0
6284	1	A-0	T-1	C-0	G-0
8105	1	A-0	T-1	C-0	G-0
15337	1	A-0	T-0	C-1	G-0
18509	1	A-0	T-0	C-1	G-0
1592	1	A-0	T-1	C-0	G-0
27083	1	A-0	T-1	C-0	G-0
1102	1	A-0	T-0	C-0	G-1
1273	2	A-0	T-2	C-0	G-0
13114	2	A-0	T-2	C-0	G-0
1092	2	A-0	T-2	C-0	G-0
1439	2	A-2	T-0	C-0	G-0
1963	2	A-0	T-0	C-0	G-2
5843	2	A-0	T-0	C-0	G-2
8596	4	A-0	T-4	C-0	G-0
10887	1	A-0	T-0	C-0	G-1
11836	1	A-1	T-0	C-0	G-0
13038	1	A-0	T-0	C-0	G-1
20924	1	A-1	T-0	C-0	G-0
25577	2	A-0	T-2	C-0	G-0
28707	2	A-0	T-2	C-0	G-0
1393	5	A-5	T-0	C-0	G-0
1544	6	A-0	T-6	C-0	G-0
4401	6	A-6	T-0	C-0	G-0
13559	5	A-0	T-0	C-5	G-0
15981	5	A-5	T-0	C-0	G-0
19885	4	A-0	T-0	C-0	G-4
22114	6	A-0	T-0	C-0	G-6
24990	6	A-6	T-0	C-0	G-0
25720	6	A-0	T-6	C-0	G-0
2226	1	A-0	T-1	C-0	G-0
2653	1	A-1	T-0	C-0	G-0
6610	1	A-1	T-0	C-0	G-0
21440	1	A-0	T-0	C-1	G-0
6195	2	A-1	T-1	C-0	G-0
25598	1	A-0	T-1	C-0	G-0
20010	1	A-1	T-0	C-0	G-0
29644	1	A-0	T-1	C-0	G-0
6243	1	A-0	T-0	C-1	G-0
28757	1	A-0	T-1	C-0	G-0
9855	1	A-0	T-1	C-0	G-0
13435	1	A-0	T-1	C-0	G-0
20018	1	A-0	T-0	C-0	G-1
10976	1	A-0	T-1	C-0	G-0
17372	1	A-0	T-1	C-0	G-0
3641	1	A-0	T-0	C-0	G-1
3711	3	A-0	T-0	C-0	G-3
25049	2	A-0	T-0	C-2	G-0
193	1	A-0	T-0	C-1	G-0
6483	1	A-0	T-0	C-0	G-1
8087	1	A-0	T-0	C-0	G-1
25792	1	A-1	T-0	C-0	G-0
27424	1	A-0	T-1	C-0	G-0
27652	1	A-0	T-0	C-1	G-0
19331	2	A-2	T-0	C-0	G-0
855	1	A-1	T-0	C-0	G-0
662	1	A-0	T-1	C-0	G-0
9802	1	A-0	T-1	C-0	G-0
19008	1	A-0	T-1	C-0	G-0
20381	1	A-0	T-0	C-0	G-1
25281	1	A-0	T-1	C-0	G-0
13334	1	A-0	T-1	C-0	G-0
24186	2	A-0	T-0	C-2	G-0
9430	1	A-1	T-0	C-0	G-0
11046	1	A-0	T-0	C-0	G-1
11440	1	A-1	T-0	C-0	G-0
213	1	A-0	T-1	C-0	G-0
5297	1	A-0	T-1	C-0	G-0
6329	1	A-0	T-1	C-0	G-0
7789	1	A-1	T-0	C-0	G-0
12060	1	A-0	T-0	C-0	G-1
19749	1	A-1	T-0	C-0	G-0
22965	1	A-0	T-0	C-1	G-0
391	1	A-0	T-1	C-0	G-0
7941	1	A-1	T-0	C-0	G-0
11579	1	A-0	T-1	C-0	G-0
29780	3	A-0	T-3	C-0	G-0
813	1	A-1	T-0	C-0	G-0
14018	1	A-0	T-0	C-1	G-0
25719	1	A-0	T-1	C-0	G-0
13338	1	A-0	T-0	C-1	G-0
5833	1	A-0	T-0	C-0	G-1
7650	1	A-0	T-0	C-1	G-0
10764	1	A-0	T-1	C-0	G-0
13132	1	A-0	T-1	C-0	G-0
21932	2	A-0	T-2	C-0	G-0
24578	1	A-0	T-1	C-0	G-0
3139	2	A-0	T-2	C-0	G-0
9207	1	A-0	T-0	C-1	G-0
26123	1	A-0	T-1	C-0	G-0
3046	2	A-0	T-2	C-0	G-0
3603	3	A-0	T-3	C-0	G-0
16817	3	A-0	T-0	C-0	G-3
28743	5	A-0	T-5	C-0	G-0
1645	1	A-0	T-0	C-0	G-1
8715	1	A-0	T-0	C-1	G-0
11668	1	A-0	T-1	C-0	G-0
15242	1	A-0	T-1	C-0	G-0
16307	1	A-0	T-1	C-0	G-0
18430	1	A-0	T-1	C-0	G-0
18842	1	A-0	T-0	C-1	G-0
22549	1	A-0	T-1	C-0	G-0
27919	1	A-0	T-1	C-0	G-0
28566	1	A-0	T-1	C-0	G-0
1977	1	A-0	T-0	C-1	G-0
16819	1	A-0	T-0	C-1	G-0
24941	1	A-0	T-0	C-0	G-1
14740	1	A-1	T-0	C-0	G-0
595	1	A-1	T-0	C-0	G-0
1076	1	A-1	T-0	C-0	G-0
3550	1	A-1	T-0	C-0	G-0
28078	1	A-0	T-1	C-0	G-0
28079	1	A-1	T-0	C-0	G-0
15101	1	A-0	T-0	C-0	G-1
3694	1	A-0	T-1	C-0	G-0
4644	1	A-0	T-0	C-0	G-1
4990	1	A-0	T-1	C-0	G-0
8946	1	A-0	T-1	C-0	G-0
24579	1	A-0	T-1	C-0	G-0
28853	2	A-0	T-2	C-0	G-0
1156	1	A-1	T-0	C-0	G-0
13377	1	A-0	T-1	C-0	G-0
17987	1	A-1	T-0	C-0	G-0
5877	1	A-0	T-1	C-0	G-0
26734	1	A-0	T-1	C-0	G-0
922	1	A-0	T-1	C-0	G-0
16470	1	A-0	T-0	C-1	G-0
29689	2	A-1	T-0	C-1	G-0
874	1	A-0	T-1	C-0	G-0
9854	1	A-0	T-0	C-1	G-0
23169	1	A-0	T-1	C-0	G-0
25037	1	A-0	T-0	C-0	G-1
25562	2	A-0	T-2	C-0	G-0
336	2	A-0	T-2	C-0	G-0
5699	1	A-0	T-1	C-0	G-0
10581	1	A-0	T-1	C-0	G-0
28691	1	A-0	T-0	C-0	G-1
28809	1	A-0	T-1	C-0	G-0
21603	3	A-0	T-3	C-0	G-0
24811	1	A-1	T-0	C-0	G-0
19960	1	A-0	T-1	C-0	G-0
7047	2	A-0	T-0	C-2	G-0
3425	1	A-0	T-1	C-0	G-0
7233	10	A-0	T-0	C-0	G-10
5988	4	A-0	T-0	C-0	G-4
14393	5	A-0	T-0	C-5	G-0
668	6	A-6	T-0	C-0	G-0
28479	1	A-0	T-0	C-0	G-1
1304	2	A-0	T-0	C-0	G-2
29249	2	A-0	T-2	C-0	G-0
1394	1	A-0	T-0	C-0	G-1
5174	1	A-0	T-1	C-0	G-0
11249	1	A-1	T-0	C-0	G-0
23276	2	A-0	T-2	C-0	G-0
28393	1	A-0	T-1	C-0	G-0
27655	1	A-0	T-0	C-1	G-0
4559	11	A-0	T-11	C-0	G-0
9290	11	A-0	T-0	C-11	G-0
23505	11	A-0	T-11	C-0	G-0
16992	7	A-0	T-0	C-7	G-0
12007	1	A-0	T-1	C-0	G-0
20958	1	A-0	T-0	C-0	G-1
27688	2	A-0	T-2	C-0	G-0
29107	1	A-1	T-0	C-0	G-0
29110	1	A-0	T-0	C-1	G-0
9402	1	A-0	T-0	C-1	G-0
13332	1	A-0	T-0	C-1	G-0
15911	1	A-0	T-0	C-1	G-0
26963	1	A-0	T-1	C-0	G-0
29444	1	A-0	T-1	C-0	G-0
20463	1	A-1	T-0	C-0	G-0
18168	6	A-0	T-6	C-0	G-0
1419	1	A-0	T-1	C-0	G-0
1878	4	A-0	T-0	C-0	G-4
20826	2	A-0	T-0	C-2	G-0
21672	2	A-0	T-0	C-2	G-0
29066	2	A-0	T-0	C-0	G-2
6770	1	A-0	T-0	C-1	G-0
14876	1	A-0	T-1	C-0	G-0
1166	1	A-0	T-1	C-0	G-0
3807	1	A-0	T-0	C-0	G-1
28449	1	A-0	T-0	C-1	G-0
12439	1	A-0	T-0	C-1	G-0
19635	1	A-1	T-0	C-0	G-0
22407	1	A-0	T-0	C-1	G-0
23656	1	A-1	T-0	C-0	G-0
23682	1	A-0	T-1	C-0	G-0
23588	1	A-0	T-1	C-0	G-0
2012	4	A-0	T-4	C-0	G-0
1140	1	A-0	T-1	C-0	G-0
1936	3	A-0	T-0	C-3	G-0
2163	6	A-2	T-4	C-0	G-0
8133	3	A-0	T-0	C-3	G-0
712	1	A-1	T-0	C-0	G-0
1569	2	A-0	T-0	C-2	G-0
11473	1	A-0	T-0	C-0	G-1
11513	2	A-0	T-2	C-0	G-0
11673	2	A-0	T-2	C-0	G-0
15001	3	A-0	T-0	C-0	G-3
19279	1	A-0	T-1	C-0	G-0
20401	1	A-0	T-1	C-0	G-0
23355	2	A-0	T-2	C-0	G-0
26578	2	A-0	T-0	C-0	G-2
29425	1	A-0	T-0	C-1	G-0
2703	2	A-0	T-2	C-0	G-0
27643	1	A-0	T-1	C-0	G-0
28003	1	A-0	T-0	C-1	G-0
13050	1	A-0	T-1	C-0	G-0
3497	2	A-2	T-0	C-0	G-0
10740	4	A-0	T-4	C-0	G-0
11697	2	A-0	T-0	C-2	G-0
18411	2	A-0	T-2	C-0	G-0
23568	2	A-0	T-0	C-2	G-0
1731	4	A-0	T-0	C-0	G-4
11199	3	A-0	T-3	C-0	G-0
14789	4	A-0	T-4	C-0	G-0
20547	3	A-3	T-0	C-0	G-0
20708	3	A-0	T-3	C-0	G-0
29202	4	A-0	T-4	C-0	G-0
3545	1	A-0	T-1	C-0	G-0
12951	1	A-0	T-1	C-0	G-0
20755	1	A-0	T-1	C-0	G-0
11245	1	A-0	T-1	C-0	G-0
18149	1	A-0	T-0	C-1	G-0
22413	1	A-0	T-1	C-0	G-0
5706	1	A-0	T-0	C-1	G-0
19265	3	A-0	T-0	C-3	G-0
19784	1	A-0	T-0	C-1	G-0
26105	3	A-0	T-0	C-3	G-0
21007	2	A-0	T-2	C-0	G-0
10356	1	A-0	T-0	C-1	G-0
4147	1	A-0	T-1	C-0	G-0
6090	1	A-0	T-1	C-0	G-0
22412	2	A-0	T-2	C-0	G-0
13820	2	A-0	T-2	C-0	G-0
18287	1	A-0	T-0	C-0	G-1
12138	6	A-0	T-0	C-6	G-0
17837	6	A-0	T-0	C-6	G-0
25978	7	A-7	T-0	C-0	G-0
8732	3	A-0	T-3	C-0	G-0
25707	1	A-0	T-1	C-0	G-0
9660	2	A-0	T-2	C-0	G-0
11344	1	A-0	T-1	C-0	G-0
18331	1	A-1	T-0	C-0	G-0
28108	1	A-0	T-1	C-0	G-0
9610	2	A-0	T-2	C-0	G-0
10383	1	A-1	T-0	C-0	G-0
16191	1	A-1	T-0	C-0	G-0
17006	1	A-0	T-0	C-1	G-0
12785	2	A-0	T-2	C-0	G-0
224	1	A-0	T-1	C-0	G-0
1925	4	A-0	T-4	C-0	G-0
14183	1	A-0	T-1	C-0	G-0
15826	1	A-0	T-0	C-1	G-0
16970	1	A-0	T-1	C-0	G-0
17171	1	A-0	T-1	C-0	G-0
22271	1	A-1	T-0	C-0	G-0
1596	1	A-0	T-0	C-0	G-1
25818	1	A-1	T-0	C-0	G-0
5280	1	A-0	T-1	C-0	G-0
22366	1	A-0	T-0	C-1	G-0
896	1	A-0	T-1	C-0	G-0
1062	1	A-0	T-1	C-0	G-0
5978	7	A-0	T-7	C-0	G-0
7089	8	A-0	T-0	C-8	G-0
13254	8	A-0	T-8	C-0	G-0
14297	7	A-0	T-0	C-7	G-0
1266	1	A-0	T-1	C-0	G-0
25472	5	A-0	T-0	C-5	G-0
3095	2	A-0	T-2	C-0	G-0
7482	1	A-0	T-0	C-0	G-1
19571	1	A-0	T-1	C-0	G-0
28195	1	A-0	T-0	C-1	G-0
133	4	A-0	T-0	C-4	G-0
3996	1	A-0	T-0	C-0	G-1
18285	1	A-1	T-0	C-0	G-0
19850	1	A-0	T-1	C-0	G-0
6507	1	A-0	T-0	C-1	G-0
22590	2	A-0	T-2	C-0	G-0
25209	2	A-0	T-0	C-2	G-0
27218	2	A-0	T-2	C-0	G-0
17027	3	A-0	T-3	C-0	G-0
25946	3	A-0	T-0	C-3	G-0
4793	1	A-0	T-1	C-0	G-0
8888	1	A-1	T-0	C-0	G-0
24089	1	A-0	T-0	C-1	G-0
20577	1	A-0	T-1	C-0	G-0
1518	5	A-0	T-5	C-0	G-0
3542	5	A-4	T-1	C-0	G-0
21657	1	A-0	T-1	C-0	G-0
29626	1	A-0	T-1	C-0	G-0
27557	1	A-0	T-1	C-0	G-0
27560	1	A-1	T-0	C-0	G-0
9558	1	A-0	T-1	C-0	G-0
26832	1	A-0	T-1	C-0	G-0
1682	2	A-0	T-0	C-2	G-0
1220	1	A-0	T-1	C-0	G-0
2606	3	A-0	T-3	C-0	G-0
941	1	A-1	T-0	C-0	G-0
3546	1	A-1	T-0	C-0	G-0
4926	1	A-0	T-1	C-0	G-0
10467	1	A-0	T-0	C-1	G-0
10804	1	A-1	T-0	C-0	G-0
25304	1	A-0	T-1	C-0	G-0
11564	1	A-1	T-0	C-0	G-0
28797	4	A-4	T-0	C-0	G-0
13811	1	A-0	T-1	C-0	G-0
188	1	A-0	T-1	C-0	G-0
3618	1	A-0	T-1	C-0	G-0
5809	1	A-1	T-0	C-0	G-0
18028	2	A-0	T-2	C-0	G-0
24553	1	A-0	T-1	C-0	G-0
1101	1	A-0	T-1	C-0	G-0
28817	2	A-0	T-2	C-0	G-0
26825	1	A-0	T-1	C-0	G-0
3678	4	A-0	T-0	C-4	G-0
27785	4	A-0	T-0	C-4	G-0
28149	4	A-0	T-0	C-4	G-0
4485	1	A-0	T-1	C-0	G-0
12453	1	A-0	T-0	C-1	G-0
10203	1	A-0	T-0	C-1	G-0
17123	1	A-0	T-0	C-1	G-0
9486	1	A-0	T-1	C-0	G-0
18308	1	A-0	T-0	C-1	G-0
27855	1	A-0	T-0	C-1	G-0
11295	1	A-0	T-0	C-0	G-1
25765	1	A-0	T-0	C-1	G-0
7839	6	A-0	T-6	C-0	G-0
9853	6	A-6	T-0	C-0	G-0
11166	1	A-0	T-1	C-0	G-0
14429	1	A-0	T-1	C-0	G-0
25355	1	A-0	T-0	C-1	G-0
11205	3	A-0	T-0	C-0	G-3
12241	1	A-0	T-1	C-0	G-0
14186	1	A-1	T-0	C-0	G-0
21696	1	A-0	T-1	C-0	G-0
25802	1	A-0	T-1	C-0	G-0
28726	1	A-0	T-1	C-0	G-0
25516	1	A-0	T-1	C-0	G-0
26411	1	A-0	T-0	C-1	G-0
18381	2	A-2	T-0	C-0	G-0
1391	1	A-0	T-1	C-0	G-0
2036	1	A-0	T-1	C-0	G-0
6805	1	A-0	T-0	C-0	G-1
14598	2	A-0	T-2	C-0	G-0
15367	1	A-0	T-1	C-0	G-0
23534	1	A-0	T-0	C-0	G-1
27787	1	A-0	T-1	C-0	G-0
2819	1	A-0	T-0	C-1	G-0
7788	1	A-1	T-0	C-0	G-0
15131	1	A-0	T-0	C-1	G-0
6471	3	A-1	T-2	C-0	G-0
7311	3	A-0	T-0	C-3	G-0
1916	1	A-1	T-0	C-0	G-0
2155	1	A-0	T-1	C-0	G-0
16841	1	A-0	T-0	C-0	G-1
11510	1	A-0	T-1	C-0	G-0
25206	1	A-0	T-1	C-0	G-0
25605	1	A-1	T-0	C-0	G-0
24520	1	A-0	T-1	C-0	G-0
11766	2	A-0	T-2	C-0	G-0
25155	1	A-0	T-1	C-0	G-0
28416	1	A-0	T-0	C-1	G-0
10833	2	A-0	T-2	C-0	G-0
23200	2	A-0	T-0	C-0	G-2
27291	1	A-0	T-0	C-1	G-0
29230	1	A-0	T-1	C-0	G-0
20886	1	A-1	T-0	C-0	G-0
25019	1	A-0	T-1	C-0	G-0
29235	1	A-0	T-1	C-0	G-0
1389	1	A-0	T-0	C-1	G-0
28163	1	A-0	T-1	C-0	G-0
808	1	A-0	T-0	C-1	G-0
810	1	A-1	T-0	C-0	G-0
3816	1	A-0	T-1	C-0	G-0
12444	1	A-0	T-1	C-0	G-0
1650	2	A-0	T-0	C-2	G-0
6741	5	A-0	T-5	C-0	G-0
12791	3	A-0	T-0	C-0	G-3
25646	6	A-0	T-6	C-0	G-0
25676	6	A-1	T-5	C-0	G-0
18518	2	A-0	T-0	C-2	G-0
27141	1	A-0	T-1	C-0	G-0
6940	1	A-0	T-1	C-0	G-0
28196	1	A-0	T-0	C-1	G-0
29768	2	A-0	T-2	C-0	G-0
8868	1	A-0	T-0	C-1	G-0
9189	1	A-1	T-0	C-0	G-0
23425	1	A-0	T-1	C-0	G-0
25848	1	A-0	T-0	C-1	G-0
22119	2	A-0	T-2	C-0	G-0
4635	1	A-0	T-0	C-0	G-1
6127	1	A-0	T-1	C-0	G-0
28177	1	A-0	T-1	C-0	G-0
9490	1	A-0	T-1	C-0	G-0
25005	1	A-0	T-1	C-0	G-0
12240	1	A-0	T-1	C-0	G-0
2080	1	A-1	T-0	C-0	G-0
3087	1	A-0	T-0	C-1	G-0
3083	1	A-0	T-0	C-0	G-1
8801	1	A-0	T-1	C-0	G-0
19947	1	A-0	T-0	C-1	G-0
25748	1	A-0	T-1	C-0	G-0
28694	1	A-0	T-1	C-0	G-0
10524	1	A-0	T-1	C-0	G-0
91	1	A-0	T-1	C-0	G-0
532	1	A-1	T-0	C-0	G-0
6458	2	A-0	T-0	C-1	G-1
12110	1	A-1	T-0	C-0	G-0
21626	1	A-0	T-1	C-0	G-0
29419	1	A-0	T-1	C-0	G-0
2705	1	A-0	T-1	C-0	G-0
3224	1	A-0	T-1	C-0	G-0
5460	1	A-0	T-1	C-0	G-0
9967	1	A-1	T-0	C-0	G-0
10968	2	A-0	T-2	C-0	G-0
18500	3	A-0	T-3	C-0	G-0
29369	2	A-0	T-2	C-0	G-0
2731	1	A-1	T-0	C-0	G-0
12031	1	A-0	T-1	C-0	G-0
6558	1	A-0	T-0	C-1	G-0
11793	1	A-0	T-0	C-0	G-1
1497	3	A-0	T-3	C-0	G-0
2225	2	A-0	T-2	C-0	G-0
12942	2	A-2	T-0	C-0	G-0
15087	2	A-0	T-2	C-0	G-0
24039	2	A-0	T-2	C-0	G-0
27504	1	A-0	T-1	C-0	G-0
4330	1	A-0	T-1	C-0	G-0
22481	1	A-0	T-1	C-0	G-0
24871	1	A-0	T-0	C-1	G-0
25436	1	A-0	T-1	C-0	G-0
29792	1	A-0	T-0	C-0	G-1
2512	1	A-1	T-0	C-0	G-0
8265	1	A-0	T-1	C-0	G-0
18470	2	A-0	T-0	C-2	G-0
16479	1	A-0	T-1	C-0	G-0
21548	1	A-0	T-1	C-0	G-0
2340	1	A-0	T-0	C-1	G-0
14132	2	A-0	T-0	C-2	G-0
26689	1	A-0	T-1	C-0	G-0
28306	1	A-0	T-1	C-0	G-0
13535	2	A-0	T-2	C-0	G-0
24576	1	A-1	T-0	C-0	G-0
4952	1	A-1	T-0	C-0	G-0
6025	1	A-0	T-1	C-0	G-0
15868	1	A-0	T-0	C-0	G-1
1133	1	A-0	T-0	C-0	G-1
9041	1	A-0	T-1	C-0	G-0
9564	1	A-0	T-1	C-0	G-0
19173	3	A-3	T-0	C-0	G-0
24567	1	A-0	T-1	C-0	G-0
26541	1	A-0	T-1	C-0	G-0
27213	1	A-1	T-0	C-0	G-0
28092	1	A-0	T-1	C-0	G-0
28676	3	A-0	T-3	C-0	G-0
29072	1	A-0	T-1	C-0	G-0
29283	5	A-0	T-5	C-0	G-0
12524	4	A-0	T-4	C-0	G-0
3790	1	A-1	T-0	C-0	G-0
5157	1	A-0	T-0	C-1	G-0
7522	1	A-0	T-0	C-1	G-0
1944	1	A-0	T-0	C-1	G-0
2763	1	A-0	T-1	C-0	G-0
5729	2	A-0	T-2	C-0	G-0
18130	3	A-0	T-3	C-0	G-0
29016	1	A-1	T-0	C-0	G-0
1456	3	A-0	T-3	C-0	G-0
2433	1	A-0	T-1	C-0	G-0
12513	3	A-0	T-3	C-0	G-0
2118	1	A-0	T-1	C-0	G-0
17540	1	A-0	T-1	C-0	G-0
806	1	A-0	T-1	C-0	G-0
25249	1	A-1	T-0	C-0	G-0
27209	1	A-0	T-0	C-1	G-0
8317	2	A-2	T-0	C-0	G-0
28722	2	A-0	T-0	C-2	G-0
16540	1	A-0	T-0	C-0	G-1
17318	1	A-0	T-0	C-1	G-0
20734	1	A-0	T-0	C-0	G-1
22009	1	A-0	T-0	C-0	G-1
28014	1	A-0	T-0	C-0	G-1
28732	1	A-0	T-1	C-0	G-0
28924	1	A-0	T-1	C-0	G-0
371	1	A-0	T-0	C-0	G-1
12458	1	A-0	T-1	C-0	G-0
27296	1	A-0	T-1	C-0	G-0
1448	1	A-0	T-1	C-0	G-0
4002	3	A-0	T-0	C-3	G-0
10797	3	A-0	T-3	C-0	G-0
10818	3	A-0	T-0	C-3	G-0
22587	3	A-0	T-0	C-3	G-0
27407	3	A-0	T-0	C-3	G-0
8961	1	A-0	T-0	C-0	G-1
1683	1	A-0	T-1	C-0	G-0
10545	1	A-0	T-0	C-1	G-0
26084	1	A-0	T-1	C-0	G-0
23860	3	A-0	T-0	C-3	G-0
27010	1	A-0	T-1	C-0	G-0
21909	2	A-0	T-2	C-0	G-0
10593	1	A-0	T-1	C-0	G-0
25395	1	A-1	T-0	C-0	G-0
25582	1	A-0	T-1	C-0	G-0
25967	1	A-0	T-0	C-0	G-1
1043	1	A-0	T-1	C-0	G-0
7800	1	A-0	T-0	C-1	G-0
20598	1	A-0	T-0	C-0	G-1
22303	2	A-2	T-0	C-0	G-0
3740	1	A-0	T-0	C-1	G-0
5042	2	A-0	T-0	C-0	G-2
21200	2	A-0	T-0	C-2	G-0
362	1	A-0	T-0	C-1	G-0
1077	1	A-0	T-1	C-0	G-0
4889	1	A-0	T-1	C-0	G-0
5121	1	A-0	T-0	C-1	G-0
10452	1	A-0	T-0	C-1	G-0
12910	1	A-1	T-0	C-0	G-0
18428	1	A-0	T-0	C-1	G-0
19388	1	A-0	T-0	C-1	G-0
20858	1	A-0	T-0	C-1	G-0
26207	1	A-0	T-1	C-0	G-0
29267	1	A-1	T-0	C-0	G-0
182	1	A-0	T-1	C-0	G-0
2577	1	A-0	T-0	C-1	G-0
11619	3	A-0	T-3	C-0	G-0
19511	1	A-0	T-1	C-0	G-0
21219	1	A-0	T-1	C-0	G-0
23226	1	A-0	T-0	C-1	G-0
438	3	A-0	T-0	C-0	G-3
17749	3	A-0	T-3	C-0	G-0
18826	3	A-0	T-0	C-3	G-0
7525	1	A-1	T-0	C-0	G-0
12075	2	A-0	T-2	C-0	G-0
2085	1	A-0	T-1	C-0	G-0
2632	1	A-0	T-0	C-1	G-0
3831	1	A-0	T-1	C-0	G-0
1598	1	A-0	T-1	C-0	G-0
6124	1	A-1	T-0	C-0	G-0
23442	1	A-0	T-0	C-1	G-0
4899	1	A-0	T-1	C-0	G-0
16437	1	A-0	T-0	C-0	G-1
6615	1	A-0	T-0	C-0	G-1
27204	1	A-0	T-0	C-1	G-0
29399	1	A-0	T-1	C-0	G-0
8315	1	A-0	T-1	C-0	G-0
15348	1	A-1	T-0	C-0	G-0
28394	1	A-0	T-1	C-0	G-0
22883	3	A-0	T-0	C-0	G-3
29766	2	A-0	T-0	C-0	G-2
1566	2	A-0	T-2	C-0	G-0
17501	1	A-0	T-1	C-0	G-0
627	2	A-2	T-0	C-0	G-0
6341	1	A-0	T-0	C-0	G-1
12840	2	A-0	T-0	C-0	G-2
20132	2	A-0	T-2	C-0	G-0
21627	2	A-0	T-0	C-2	G-0
28287	2	A-0	T-0	C-0	G-2
28425	2	A-2	T-0	C-0	G-0
672	1	A-0	T-1	C-0	G-0
5040	1	A-0	T-0	C-0	G-1
5856	1	A-1	T-0	C-0	G-0
8501	1	A-0	T-1	C-0	G-0
18631	1	A-0	T-0	C-0	G-1
26146	1	A-0	T-1	C-0	G-0
26255	1	A-0	T-1	C-0	G-0
161	1	A-0	T-1	C-0	G-0
22939	1	A-0	T-0	C-1	G-0
4860	2	A-0	T-0	C-2	G-0
6537	1	A-0	T-1	C-0	G-0
390	1	A-0	T-1	C-0	G-0
3168	1	A-0	T-0	C-1	G-0
14804	1	A-0	T-1	C-0	G-0
21032	1	A-0	T-0	C-1	G-0
29448	1	A-0	T-1	C-0	G-0
14117	1	A-1	T-0	C-0	G-0
21365	1	A-0	T-0	C-0	G-1
28476	1	A-0	T-1	C-0	G-0
23479	1	A-0	T-0	C-1	G-0
7748	2	A-0	T-2	C-0	G-0
3485	1	A-0	T-1	C-0	G-0
6612	1	A-0	T-0	C-0	G-1
19153	1	A-0	T-1	C-0	G-0
25498	1	A-0	T-0	C-0	G-1
978	1	A-1	T-0	C-0	G-0
2924	1	A-0	T-1	C-0	G-0
4751	1	A-0	T-1	C-0	G-0
15893	1	A-0	T-1	C-0	G-0
17561	1	A-1	T-0	C-0	G-0
23372	1	A-0	T-1	C-0	G-0
25521	1	A-1	T-0	C-0	G-0
26913	1	A-0	T-1	C-0	G-0
1957	1	A-1	T-0	C-0	G-0
27793	1	A-0	T-0	C-1	G-0
28133	1	A-1	T-0	C-0	G-0
5370	1	A-0	T-0	C-0	G-1
11378	1	A-0	T-1	C-0	G-0
23430	1	A-0	T-0	C-1	G-0
27880	1	A-0	T-1	C-0	G-0
6441	1	A-0	T-0	C-0	G-1
3399	1	A-0	T-0	C-1	G-0
705	1	A-0	T-1	C-0	G-0
2292	2	A-1	T-1	C-0	G-0
12853	1	A-0	T-1	C-0	G-0
28890	1	A-0	T-0	C-1	G-0
24256	1	A-0	T-1	C-0	G-0
359	1	A-1	T-0	C-0	G-0
5511	2	A-0	T-2	C-0	G-0
7055	1	A-0	T-1	C-0	G-0
13118	1	A-0	T-1	C-0	G-0
17324	1	A-0	T-1	C-0	G-0
2884	1	A-1	T-0	C-0	G-0
19959	1	A-0	T-0	C-0	G-1
29705	1	A-0	T-1	C-0	G-0
5723	1	A-0	T-1	C-0	G-0
12733	1	A-1	T-0	C-0	G-0
13761	1	A-1	T-0	C-0	G-0
26318	1	A-0	T-0	C-0	G-1
4091	1	A-0	T-0	C-1	G-0
4800	1	A-0	T-0	C-0	G-1
13430	1	A-0	T-1	C-0	G-0
19710	1	A-1	T-0	C-0	G-0
21363	1	A-0	T-1	C-0	G-0
21938	1	A-0	T-0	C-1	G-0
22752	1	A-0	T-1	C-0	G-0
11211	1	A-0	T-0	C-1	G-0
15578	1	A-0	T-1	C-0	G-0
15848	1	A-1	T-0	C-0	G-0
25458	1	A-1	T-0	C-0	G-0
26803	2	A-0	T-2	C-0	G-0
3316	1	A-0	T-1	C-0	G-0
6472	1	A-1	T-0	C-0	G-0
6588	1	A-0	T-1	C-0	G-0
15494	1	A-0	T-1	C-0	G-0
18517	1	A-0	T-0	C-1	G-0
21019	1	A-0	T-1	C-0	G-0
23039	2	A-0	T-0	C-0	G-2
26311	1	A-0	T-0	C-1	G-0
26332	1	A-0	T-1	C-0	G-0
3494	1	A-0	T-1	C-0	G-0
6490	1	A-0	T-0	C-0	G-1
7599	1	A-0	T-1	C-0	G-0
24092	1	A-0	T-0	C-1	G-0
28022	1	A-0	T-1	C-0	G-0
18827	3	A-0	T-3	C-0	G-0
7071	1	A-0	T-1	C-0	G-0
14015	1	A-0	T-1	C-0	G-0
28502	1	A-0	T-0	C-0	G-1
7797	1	A-1	T-0	C-0	G-0
15956	1	A-1	T-0	C-0	G-0
7638	2	A-0	T-2	C-0	G-0
26159	3	A-0	T-0	C-3	G-0
15941	1	A-0	T-0	C-0	G-1
18941	2	A-0	T-0	C-0	G-2
18978	1	A-0	T-1	C-0	G-0
22857	2	A-0	T-2	C-0	G-0
10038	1	A-0	T-1	C-0	G-0
19980	1	A-1	T-0	C-0	G-0
26968	1	A-0	T-0	C-1	G-0
28990	1	A-1	T-0	C-0	G-0
23532	6	A-0	T-6	C-0	G-0
682	1	A-0	T-1	C-0	G-0
3487	1	A-0	T-0	C-1	G-0
8310	1	A-0	T-1	C-0	G-0
10115	1	A-0	T-1	C-0	G-0
11664	1	A-0	T-1	C-0	G-0
13516	1	A-0	T-1	C-0	G-0
17011	1	A-0	T-1	C-0	G-0
23941	1	A-0	T-0	C-1	G-0
24675	1	A-0	T-0	C-0	G-1
26179	1	A-0	T-0	C-1	G-0
28654	1	A-0	T-1	C-0	G-0
9770	3	A-3	T-0	C-0	G-0
8769	2	A-0	T-2	C-0	G-0
28037	1	A-0	T-1	C-0	G-0
11127	2	A-2	T-0	C-0	G-0
27998	2	A-0	T-2	C-0	G-0
28231	1	A-0	T-1	C-0	G-0
19452	1	A-0	T-0	C-0	G-1
21806	1	A-0	T-0	C-0	G-1
29691	1	A-0	T-1	C-0	G-0
220	1	A-0	T-0	C-1	G-0
17299	1	A-0	T-0	C-0	G-1
10985	1	A-1	T-0	C-0	G-0
20786	1	A-0	T-0	C-1	G-0
13423	1	A-0	T-1	C-0	G-0
21663	1	A-1	T-0	C-0	G-0
27431	1	A-0	T-0	C-1	G-0
7929	1	A-0	T-0	C-0	G-1
14582	1	A-0	T-1	C-0	G-0
16348	1	A-0	T-1	C-0	G-0
26687	1	A-0	T-1	C-0	G-0
27466	1	A-1	T-0	C-0	G-0
21409	1	A-1	T-0	C-0	G-0
23113	2	A-0	T-2	C-0	G-0
25011	2	A-2	T-0	C-0	G-0
16852	1	A-0	T-1	C-0	G-0
28290	1	A-0	T-1	C-0	G-0
407	1	A-0	T-0	C-0	G-1
17794	1	A-0	T-1	C-0	G-0
18416	1	A-0	T-0	C-1	G-0
22207	1	A-0	T-1	C-0	G-0
25512	1	A-0	T-1	C-0	G-0
28253	2	A-0	T-0	C-2	G-0
29037	1	A-0	T-0	C-1	G-0
8289	2	A-0	T-2	C-0	G-0
9870	2	A-2	T-0	C-0	G-0
21706	1	A-0	T-1	C-0	G-0
28019	2	A-0	T-0	C-0	G-2
6189	1	A-0	T-1	C-0	G-0
17333	1	A-0	T-1	C-0	G-0
11348	2	A-0	T-0	C-2	G-0
17998	1	A-0	T-1	C-0	G-0
28999	1	A-0	T-1	C-0	G-0
29409	1	A-0	T-0	C-1	G-0
21713	1	A-0	T-1	C-0	G-0
27683	1	A-0	T-1	C-0	G-0
27757	1	A-0	T-1	C-0	G-0
3736	1	A-0	T-1	C-0	G-0
17945	1	A-0	T-0	C-0	G-1
20822	2	A-0	T-2	C-0	G-0
28760	1	A-0	T-0	C-0	G-1
7081	1	A-1	T-0	C-0	G-0
11035	1	A-0	T-1	C-0	G-0
11751	1	A-0	T-1	C-0	G-0
16192	1	A-0	T-1	C-0	G-0
20015	1	A-1	T-0	C-0	G-0
22940	1	A-0	T-0	C-0	G-1
11739	1	A-0	T-1	C-0	G-0
10401	1	A-0	T-0	C-0	G-1
26503	1	A-0	T-0	C-1	G-0
6722	1	A-0	T-1	C-0	G-0
8672	1	A-0	T-1	C-0	G-0
12024	1	A-0	T-1	C-0	G-0
3140	1	A-0	T-1	C-0	G-0
1227	1	A-1	T-0	C-0	G-0
9141	1	A-0	T-1	C-0	G-0
25888	1	A-0	T-1	C-0	G-0
2200	1	A-1	T-0	C-0	G-0
3958	1	A-0	T-0	C-0	G-1
6895	1	A-0	T-1	C-0	G-0
15491	1	A-0	T-0	C-1	G-0
22205	1	A-0	T-0	C-0	G-1
1506	2	A-2	T-0	C-0	G-0
3772	1	A-0	T-1	C-0	G-0
3932	1	A-0	T-0	C-0	G-1
17927	2	A-0	T-0	C-2	G-0
21727	2	A-0	T-0	C-2	G-0
4737	1	A-0	T-0	C-1	G-0
13273	1	A-0	T-1	C-0	G-0
29246	1	A-0	T-1	C-0	G-0
25659	3	A-0	T-0	C-3	G-0
9315	1	A-0	T-0	C-1	G-0
27460	1	A-0	T-1	C-0	G-0
4678	1	A-0	T-1	C-0	G-0
692	1	A-0	T-0	C-0	G-1
19543	1	A-0	T-0	C-1	G-0
1884	1	A-0	T-0	C-1	G-0
6542	1	A-0	T-1	C-0	G-0
19953	1	A-0	T-0	C-0	G-1
25524	1	A-0	T-0	C-1	G-0
8484	1	A-0	T-0	C-1	G-0
12039	1	A-0	T-0	C-0	G-1
4755	1	A-0	T-0	C-1	G-0
12814	1	A-0	T-1	C-0	G-0
8301	1	A-0	T-0	C-0	G-1
10375	1	A-0	T-1	C-0	G-0
29707	1	A-0	T-1	C-0	G-0
6349	2	A-0	T-0	C-0	G-2
22770	2	A-0	T-0	C-0	G-2
25459	1	A-0	T-1	C-0	G-0
19544	1	A-0	T-1	C-0	G-0
14768	1	A-0	T-0	C-1	G-0
18146	1	A-0	T-0	C-0	G-1
25744	1	A-0	T-0	C-1	G-0
27091	1	A-0	T-1	C-0	G-0
352	1	A-1	T-0	C-0	G-0
21254	1	A-0	T-1	C-0	G-0
6336	1	A-1	T-0	C-0	G-0
21008	2	A-0	T-0	C-2	G-0
26191	2	A-0	T-2	C-0	G-0
363	2	A-0	T-2	C-0	G-0
1408	1	A-0	T-1	C-0	G-0
5496	1	A-0	T-1	C-0	G-0
22977	1	A-0	T-1	C-0	G-0
13952	1	A-0	T-0	C-0	G-1
15613	1	A-0	T-0	C-0	G-1
21913	1	A-0	T-1	C-0	G-0
25345	1	A-1	T-0	C-0	G-0
29514	1	A-0	T-0	C-1	G-0
850	1	A-0	T-0	C-1	G-0
4574	1	A-1	T-0	C-0	G-0
3285	1	A-1	T-0	C-0	G-0
18084	1	A-0	T-0	C-0	G-1
27989	1	A-1	T-0	C-0	G-0
22280	1	A-0	T-1	C-0	G-0
23486	1	A-0	T-0	C-0	G-1
5693	1	A-0	T-1	C-0	G-0
6024	1	A-0	T-0	C-1	G-0
25865	1	A-0	T-0	C-0	G-1
29442	1	A-0	T-1	C-0	G-0
990	1	A-1	T-0	C-0	G-0
9347	1	A-0	T-1	C-0	G-0
20103	1	A-0	T-1	C-0	G-0
20398	1	A-0	T-1	C-0	G-0
97	1	A-0	T-1	C-0	G-0
2733	1	A-0	T-0	C-1	G-0
3922	1	A-0	T-1	C-0	G-0
26591	1	A-0	T-0	C-0	G-1
13195	1	A-0	T-0	C-0	G-1
13957	1	A-1	T-0	C-0	G-0
23004	1	A-1	T-0	C-0	G-0
26611	1	A-0	T-0	C-0	G-1
28286	1	A-1	T-0	C-0	G-0
2569	1	A-1	T-0	C-0	G-0
8636	1	A-0	T-1	C-0	G-0
14609	1	A-0	T-0	C-1	G-0
16177	1	A-0	T-1	C-0	G-0
5420	1	A-0	T-0	C-0	G-1
22529	1	A-0	T-1	C-0	G-0
23646	1	A-0	T-1	C-0	G-0
2043	1	A-0	T-1	C-0	G-0
3165	1	A-1	T-0	C-0	G-0
10464	1	A-1	T-0	C-0	G-0
21662	1	A-1	T-0	C-0	G-0
14321	1	A-0	T-1	C-0	G-0
22566	2	A-0	T-0	C-2	G-0
6113	1	A-1	T-0	C-0	G-0
3822	1	A-1	T-0	C-0	G-0
7234	1	A-1	T-0	C-0	G-0
9587	1	A-0	T-0	C-1	G-0
10227	1	A-0	T-1	C-0	G-0
23954	1	A-1	T-0	C-0	G-0
25701	1	A-0	T-1	C-0	G-0
22797	1	A-0	T-0	C-0	G-1
19365	1	A-0	T-1	C-0	G-0
2878	1	A-1	T-0	C-0	G-0
20435	1	A-0	T-1	C-0	G-0
28236	1	A-0	T-1	C-0	G-0
2109	2	A-0	T-2	C-0	G-0
3249	1	A-0	T-1	C-0	G-0
12331	1	A-1	T-0	C-0	G-0
18027	1	A-0	T-1	C-0	G-0
19129	1	A-0	T-0	C-1	G-0
23634	1	A-0	T-1	C-0	G-0
24193	1	A-0	T-0	C-1	G-0
6098	1	A-0	T-1	C-0	G-0
21786	1	A-0	T-0	C-1	G-0
29023	1	A-0	T-1	C-0	G-0
15323	1	A-0	T-1	C-0	G-0
948	1	A-0	T-0	C-0	G-1
8367	1	A-1	T-0	C-0	G-0
11463	1	A-1	T-0	C-0	G-0
13425	1	A-0	T-1	C-0	G-0
13595	1	A-0	T-0	C-1	G-0
26570	1	A-0	T-1	C-0	G-0
23578	2	A-0	T-0	C-0	G-2
9179	2	A-0	T-2	C-0	G-0
4210	1	A-0	T-1	C-0	G-0
3240	1	A-0	T-1	C-0	G-0
4094	1	A-1	T-0	C-0	G-0
5337	1	A-0	T-0	C-1	G-0
8667	1	A-0	T-1	C-0	G-0
19070	1	A-0	T-0	C-1	G-0
28833	1	A-0	T-0	C-0	G-1
2090	1	A-0	T-1	C-0	G-0
29716	1	A-0	T-1	C-0	G-0
19683	1	A-0	T-1	C-0	G-0
24197	1	A-0	T-1	C-0	G-0
588	1	A-0	T-1	C-0	G-0
5427	1	A-0	T-0	C-0	G-1
15932	1	A-0	T-1	C-0	G-0
11929	1	A-1	T-0	C-0	G-0
164	1	A-0	T-1	C-0	G-0
104	1	A-0	T-1	C-0	G-0
1267	1	A-1	T-0	C-0	G-0
2909	1	A-0	T-1	C-0	G-0
17657	1	A-0	T-1	C-0	G-0
6733	1	A-1	T-0	C-0	G-0
13113	1	A-0	T-0	C-1	G-0
17153	1	A-0	T-0	C-1	G-0
20428	1	A-0	T-1	C-0	G-0
25594	1	A-0	T-1	C-0	G-0
29491	1	A-0	T-0	C-1	G-0
6739	2	A-0	T-2	C-0	G-0
14116	2	A-0	T-2	C-0	G-0
6551	1	A-0	T-0	C-1	G-0
18161	1	A-0	T-1	C-0	G-0
27852	1	A-0	T-0	C-0	G-1
843	1	A-0	T-0	C-1	G-0
9306	1	A-0	T-0	C-0	G-1
7266	1	A-0	T-1	C-0	G-0
12659	1	A-1	T-0	C-0	G-0
13380	1	A-0	T-1	C-0	G-0
15894	1	A-0	T-1	C-0	G-0
1507	1	A-1	T-0	C-0	G-0
9732	1	A-0	T-1	C-0	G-0
17207	1	A-0	T-0	C-1	G-0
23269	1	A-0	T-1	C-0	G-0
273	1	A-0	T-1	C-0	G-0
2623	1	A-1	T-0	C-0	G-0
21770	1	A-0	T-0	C-1	G-0
29724	1	A-0	T-0	C-0	G-1
2201	1	A-0	T-1	C-0	G-0
7291	1	A-0	T-0	C-1	G-0
21189	1	A-0	T-1	C-0	G-0
21765	1	A-0	T-1	C-0	G-0
27145	1	A-0	T-0	C-0	G-1
28650	1	A-0	T-1	C-0	G-0
4949	1	A-0	T-0	C-1	G-0
853	1	A-0	T-1	C-0	G-0
20678	1	A-0	T-1	C-0	G-0
812	1	A-1	T-0	C-0	G-0
5099	1	A-0	T-1	C-0	G-0
17191	1	A-0	T-0	C-1	G-0
831	1	A-0	T-1	C-0	G-0
28997	1	A-0	T-1	C-0	G-0
22289	1	A-0	T-1	C-0	G-0
1942	1	A-0	T-1	C-0	G-0
25702	1	A-1	T-0	C-0	G-0
3176	1	A-0	T-1	C-0	G-0
4284	1	A-1	T-0	C-0	G-0
6311	1	A-0	T-1	C-0	G-0
18462	1	A-0	T-1	C-0	G-0
21783	1	A-1	T-0	C-0	G-0
22121	1	A-0	T-0	C-1	G-0
22155	1	A-0	T-0	C-1	G-0
23125	1	A-0	T-0	C-1	G-0
25185	1	A-0	T-1	C-0	G-0
26951	1	A-0	T-0	C-0	G-1
23996	1	A-0	T-1	C-0	G-0
29673	1	A-1	T-0	C-0	G-0
29567	1	A-0	T-0	C-1	G-0
10552	1	A-0	T-0	C-1	G-0
7520	1	A-0	T-1	C-0	G-0
13429	1	A-0	T-1	C-0	G-0
10770	1	A-0	T-0	C-1	G-0
24436	1	A-0	T-0	C-1	G-0
24367	1	A-0	T-0	C-1	G-0
29022	1	A-0	T-0	C-1	G-0
1480	1	A-0	T-0	C-0	G-1
1725	1	A-0	T-0	C-1	G-0
3089	1	A-0	T-0	C-0	G-1
6637	1	A-0	T-1	C-0	G-0
8061	1	A-0	T-0	C-0	G-1
22686	1	A-0	T-1	C-0	G-0
24807	1	A-0	T-0	C-1	G-0
1698	1	A-0	T-0	C-0	G-1
9777	1	A-0	T-1	C-0	G-0
14258	1	A-0	T-0	C-1	G-0
14927	1	A-0	T-1	C-0	G-0
25299	1	A-0	T-1	C-0	G-0
17765	1	A-0	T-1	C-0	G-0
19671	1	A-0	T-0	C-0	G-1
525	1	A-0	T-1	C-0	G-0
7085	1	A-0	T-1	C-0	G-0
8208	1	A-0	T-0	C-1	G-0
13857	1	A-0	T-1	C-0	G-0
10992	1	A-0	T-1	C-0	G-0
27408	3	A-0	T-0	C-3	G-0
25625	1	A-0	T-1	C-0	G-0
27046	1	A-1	T-0	C-0	G-0
29475	1	A-0	T-0	C-1	G-0
3305	1	A-1	T-0	C-0	G-0
12923	1	A-0	T-1	C-0	G-0
15590	1	A-0	T-0	C-1	G-0
15890	1	A-0	T-0	C-0	G-1
3318	2	A-0	T-0	C-0	G-2
3045	1	A-0	T-0	C-1	G-0
11811	1	A-0	T-1	C-0	G-0
6269	1	A-0	T-1	C-0	G-0
5249	1	A-0	T-0	C-0	G-1
8746	1	A-0	T-1	C-0	G-0
19171	1	A-0	T-1	C-0	G-0
2631	1	A-0	T-1	C-0	G-0
3349	1	A-0	T-0	C-0	G-1
11108	1	A-0	T-1	C-0	G-0
12472	1	A-0	T-1	C-0	G-0
21927	1	A-0	T-1	C-0	G-0
29722	1	A-0	T-0	C-0	G-1
312	1	A-0	T-1	C-0	G-0
8178	1	A-0	T-1	C-0	G-0
12397	1	A-0	T-0	C-0	G-1
